Artist,Album,Label,Year,Catalogue,Country,Link,Qty,Format
Kaido Kirikmäe,Epic,Not On Label,2022,-,EE,Discogs|https://www.discogs.com/release/25633993-Kaido-Kirikm%C3%A4e-Epic,1,MC
"Tanel's Hot House Trax, Merelinnud",Split Mixtape,Not On Label,2015,-,EE,Discogs|https://www.discogs.com/release/6989131-Tanels-Hot-House-Trax-Merelinnud-Split-Mixtape,1,MC
Roy Vincent,Drøn #1,Not On Label,2019,-,FR,Discogs|https://www.discogs.com/release/15650376-Roy-Vincent-Dr%C3%B8n-1,2,MC
Born To Bang,Born To Bang,Off-Kilter,2016,OK001,EE,Discogs|https://www.discogs.com/release/9209272-Born-To-Bang-Born-To-Bang-,1,MC
Tarrvi Laamann,Takn Owr,Not On Label,2003,-,EE,Discogs|https://www.discogs.com/release/11630732-Tarrvi-Laamann-Takn-Owr,1,MC
Kahin,Sümboolika,Not On Label,2020,ST002,EE,Discogs|https://www.discogs.com/release/16020570-Kahin-S%C3%BCmboolika,1,MC
Flexus,Flexus,Not On Label,1997,-,EE,Discogs|https://www.discogs.com/release/3601709-Flexus-Flexus,2,MC
Dew8,Ain't No Feeble Bastard,Trash Can Dance,2018,TCD197,EE,Discogs|https://www.discogs.com/release/13062628-Dew8-Aint-No-Feeble-Bastard-,1,MC
Unistaja,Tähetüdruk,Not On Label,2022,4,EE,Discogs|https://www.discogs.com/release/24675410-Unistaja-T%C3%A4het%C3%BCdruk,1,MC
Luurel Varas,Leisure Time,Crash Symbols,2017,PBUH108,US,Discogs|https://www.discogs.com/release/10636264-Luurel-Varas-Leisure-Time,1,MC
Borax,C,Heven,1995,-,EE,Discogs|https://www.discogs.com/release/2396359-BORAX-C,1,MC
Liis Ring,Åker,Liis Ring,2018,II,EE,Discogs|https://www.discogs.com/release/13021607-Liis-Ring-%C3%85ker,1,MC
Madd G,Sticks And Stones (Prehistoric Edition),Trash Can Dance,2022,TCD372,EE,Discogs|https://www.discogs.com/release/24469778-Madd-G-Sticks-And-Stones-Prehistoric-Edition,1,MC
Lootus,Ghost Sovnds,Not On Label,2017,-,EE,Discogs|https://www.discogs.com/release/10168926-Lootus-Ghost-Sovnds,1,MC
Zriamuli,192kg,Kosmos Control,,KC 006,EE,Discogs|https://www.discogs.com/release/3638216-Zriamuli-192kg,2,MC
Kaarel Mihk,Oomareia Õnnistus,Trash Can Dance,2020,TCD252,EE,Discogs|https://www.discogs.com/release/15572929-Kaarel-Mihk-Oomareia-%C3%95nnistus,1,MC
Have A Nice Death / Hädavares,Demo ´24 / Demod Deemonile,Trash Can Dance,2026,TCD511,EE,Discogs|https://www.discogs.com/release/36845293-Have-A-Nice-Death-H%C3%A4davares-Demo-24-Demod-Deemonile,2,MC
West Coast Swingaz,Brenda's Groove EP,Trash Can Dance,2016,TCD114,EE,Discogs|https://www.discogs.com/release/9392491-West-Coast-Swingaz-Brendas-Groove-EP,1,MC
West Coast Swingaz,Joe Cool EP,Trash Can Dance,2016,TCD115,EE,Discogs|http://www.discogs.com/release/9392547-West-Coast-Swingaz-Joe-Cool-EP,2,MC
TAHM / Autharktos ,Styx / Statick,Trash Can Dance,2014,TCD47,EE,Discogs|https://www.discogs.com/release/5410205-TAHM-Autharktos-Styx-Statick-,1,MC
Kaarel Mihk,Isoleer,Trash Can Dance,2017,TCD108,EE,Discogs|https://www.discogs.com/release/9809298-Kaarel-Mihk-Isolatsioon,1,MC
M?nnivardad,Oksepunk EP,Trash Can Dance,2016,TCD113,EE,Discogs|https://www.discogs.com/release/8603217-Mnnivardad-Oksepunk-EP,2,MC
Keskkool,Ühiskondlikult Kahjulik Element,Beyond Tartu,2022,2,EE,Discogs|https://www.discogs.com/release/22033879-Keskkool-%C3%9Chiskondlikult-Kahjulik-Element,1,MC
Seeneliste Massimörv,Gaas,Trash Can Dance,2016,TCD109,EE,Discogs|https://www.discogs.com/release/12439942-Seeneliste-Massim%C3%B6rv-Gaas,1,MC
Kuus,Kuus,Trash Can Dance,2017,TCD124,EE,Discogs|https://www.discogs.com/release/9964527-Kuus-Kuus,1,MC
Verised Naised,Surmapoeesiad,Trash Can Dance,2016,TCD97,EE,Discogs|https://www.discogs.com/release/8122919-Verised-Naised-Surmapoeesiad,1,MC
Unistaja,Tagasi Legolandi,Not On Label,2022,3,EE,Discogs|https://www.discogs.com/release/25525732-Unistaja-Tagasi-Legolandi,1,MC
Skalpell,Vakstu SKA bändi proovikademo 1998,Trash Can Dance,2021,TCD322,EE,Discogs|https://www.discogs.com/release/20456431-Skalpell-Vakstu-Ska-B%C3%A4ndi-Proovikademo-1998,1,MC
Day Of The Triangle,Sparse Atmosphere,Not On Label,2017,-,EE,Discogs|https://www.discogs.com/release/11378033-Day-Of-The-Triangle-Sparse-Atmosphere,1,MC
Aare Ermus,Live At Kukemuru Teletorni Ambient / Live At Kukemuru Ambient Ruum,Trash Can Dance,2026,TCD503,EE,Discogs|https://www.discogs.com/release/36836053-Aare-Ermus-Live-At-Kukemuru-Teletorni-Ambient-Live-At-Kukemuru-Ambient-Ruum,2,MC
Huiabella Fantastica,Huiabella Show,HBF Records (2),2019,-,EE,Discogs|https://www.discogs.com/release/15781057-Huiabella-Fantastica-Huiabella-Show,1,MC
Mandarones,Aatomisõdalased,Trash Can Dance,2016,TCD116,EE,Discogs|https://www.discogs.com/release/9171750-Mandarones-Aatomis%C3%B5dalased,1,MC
Hugabug,Ghots,Trash Can Dance,2020,TCD261,EE,Discogs|https://www.discogs.com/release/16024578-Hugabug-Ghots,1,MC
SS Robot,"""Patune Mari"" Live-EP",Trash Can Dance,2016,TCD112,EE,Discogs|https://www.discogs.com/release/8603264-SS-Robot-Patune-Mari-Live-EP,1,MC
Nikolajev,Transplant Rejection,Muscut,2022,Muscut 24C,UA,Discogs|https://www.discogs.com/release/24906515-Nikolajev-Transplant-Rejection,1,MC
Love Over Entropy,To Sit Quietly Where Everything Is Moving Fast,"Something Happening, Somewhere",2025,-,NL,Discogs|https://www.discogs.com/release/33347723-Love-Over-Entropy-To-Sit-Quietly-Where-Everything-Is-Moving-Fast,1,MC
22 Pistepirkko,Live in Von Krahl 12.11.2005,Not On Label,2017,-,EE,Discogs|https://www.discogs.com/release/9964724-22-Pistepirkko-Live-In-Tallinn-2005,1,MC
Trans Germanium Express,Best of TGE,Not On Label,2012,-,EE,Discogs|https://www.discogs.com/release/3918422-Trans-Germanium-Express-Best-Of-TGE,1,MC
Xosädam,Trypil's'kaa Skorbothaa,Trash Can Dance,2025,TCD475,EE,Discogs|https://www.discogs.com/release/35265295-Xos%C3%A4dam-Trypilskaa-Skorbothaa,1,MC
Timo Petmanson,Helisupp,Trash Can Dance,2026,TCD515,EE,Discogs|https://www.discogs.com/release/36840046-Timo-Petmanson-Helisupp,1,MC
Punkentsefaliit,Nali on Läbi,Not On Label,2022,-,EE,Discogs|https://www.discogs.com/release/22733753-Punkentsefaliit-Nali-On-L%C3%A4bi,1,MC
PJ,Sessions Recorded February 2012,Trash Can Dance,2019,TCD228,EE,Discogs|https://www.discogs.com/release/14250195-PJ-Sessions-Recorded-February-2012-Telliskivi,1,MC
Psykoterror,Elävänä Hanilas,Tallinn Old Town Records,2021,TOTR002,EE,Discogs|https://www.discogs.com/release/20769856-Psykoterror-El%C3%A4v%C3%A4n%C3%A4-Hanilas,1,MC
Erinevad Esitajad,Punk On Surn'd V,Fucking Cunt Records,2001,FCR017,EE,Discogs|https://www.discogs.com/release/6912549-Various-Punk-On-Surnd-V,1,MC
Erinevad Esitajad,Punk On Surn'd VI,Fucking Cunt Records,2004,FCR018,EE,Discogs|https://www.discogs.com/release/6910918-Various-Punk-On-Surnd-VI,1,MC
Erinevad Esitajad,Punk On Surn'd IV,Fucking Cunt Records,1999,FCR015,EE,Discogs|https://www.discogs.com/release/6572747-Various-Punk-On-Surnd-IV,1,MC
Erinevad Esitajad,"London Pirate Radio Adverts, 1984-1993",Death Is Not The End,2020,-,EE,Discogs|https://www.discogs.com/release/17242309-No-Artist-London-Pirate-Radio-Adverts-1984-1993,1,MC
Madd G,How Low,Trash Can Dance,2022,TCD373,EE,Discogs|https://www.discogs.com/release/24469970-Madd-G-How-Low,1,MC
Jam,Jam,Valindo,1994,-,EE,Discogs|https://www.discogs.com/release/6899817-Jam-Jam,1,MC
Zuke!,Super Dance Tracks! ....,Forte,1992,-,EE,Discogs|https://www.discogs.com/release/22703126-Zuke-Super-Dance-Tracks-,2,MC
"Tommy Smiley, Estonian Friends",You're The One For Me,CB Ltd,1997,CB-001,EE,Discogs|https://www.discogs.com/release/33156276-Tommy-Smiley-Estonian-Friends-Youre-The-One-For-Me,1,MC
S33R,Ultra Mega Beyond Segamix 2019,Not On Label,?,-,EE,Soundcloud|https://soundcloud.com/rseer1,1,MC
Kokonja,badik! / jylyjai,KOTA TONES,2025,KTCS005,KZ,Discogs|https://www.discogs.com/release/33701820-Kokonja-badik-jylyjai,1,MC
TATAR KYZ:LAR,AŞ,KOTA TONES,2025,KTCS006,XX,Discogs|https://www.discogs.com/release/33701904-TATAR-KYZLAR-A%C5%9E,1,MC
Alone In Deer Park - О​д​и​н в о​л​е​н​ь​е​м п​а​р​к​е,Alone In Deer Park - О​д​и​н в о​л​е​н​ь​е​м п​а​р​к​е,KOTA TONES,2024,KTCS004,XX,Discogs|https://www.discogs.com/release/32524431-Alone-In-Deer-Park-%D0%9E%D0%B4%D0%B8%D0%BD-%D0%B2-%D0%BE%D0%BB%D0%B5%D0%BD%D1%8C%D0%B5%D0%BC-%D0%BF%D0%B0%D1%80%D0%BA%D0%B5-Artem-Egorov-Alone-In-Deer-Park-%D0%9E%D0%B4%D0%B8%D0%BD-%D0%B2,1,MC
Erinevad Esitajad,Radio Active 2,Aidem Pot,?,POTMC1037,EE,Discogs|https://www.discogs.com/release/9953534-Various-Radio-Active-2,3,MC
Borax,Aurora Borealis,Heven,1994,MC1,EE,Discogs|https://www.discogs.com/release/3611793-Borax-Aurora-Borealis,1,MC
TIC,Melancholics Dream,Not On Label,1993,-,EE,NONE,1,MC
Other Eyes,Ghost Tape #9,Trash Can Dance,2023,TCD404,EE,Discogs|http://www.discogs.com/release/28850647-Other-Eyes-Ghost-Tape-9,1,MC
ID Rev,Sina Ei,Assortii,2001,-,EE,Discogs|https://www.discogs.com/release/6912419-Id_Rev-Sina-Ei,1,MC
Up'n Down & Hanka,Naeratus,Alexela,1996,ALX001,EE,Discogs|https://www.discogs.com/release/12661140-Upn-Down-Hanka-Naeratus,2,MC
Jim Arrow And The Anachrones,Jim Arrow And The Anachrones,Kuldnokk,1989,-,EE,Discogs|https://www.discogs.com/release/6545751-Jim-Arrow-The-Anachrones-Jim-Arrow-And-The-Anachrones,2,MC
Anne Watson Delestree,Basic Telephone Training,Language Teaching Publications,1999,-,UK,NONE,1,MC
Erinevad Esitajad,Twin Peeks & Silent Moments,"Hiljaiset Levyt, Stupido Twins",1991,HIST-002,FI,Discogs|https://www.discogs.com/release/3916550-Various-Twin-Peeks-Silent-Moments,1,MC
Erinevad Esitajad,TCD 400,Trash Can Dance,2024,TCD400,EE,Discogs|https://www.discogs.com/release/29770654-Various-TCD-400,1,MC
Nipernaadi,Mul meeldivad banaanid,Livon,1994,-,EE,Digar|https://www.digar.ee/arhiiv/en/perioodika/49014,1,MC
AHTEHA,Somnambula,Trash Can Dance,,TCD379,EE,Discogs|https://www.discogs.com/release/27798201-AHTEHA-Somnambula,1,MC
The Wedding Present,Tommy,Reception,1988,LEEDS 02C,UK,Discogs|https://www.discogs.com/release/2062819-The-Wedding-Present-Tommy,1,MC
Urmas Sisask,Jäärast Kaladeni,Not On Label,1997,-,EE,Discogs|https://www.discogs.com/release/7075227-Urmas-Sisask-J%C3%A4%C3%A4rast-Kaladeni,1,MC
Endamisi Salamisi,Poe Dameron EP,Isaiah Tapes,2015,ISTP002,RU,Discogs|https://www.discogs.com/release/7090177-Endamisi-Salamisi-Poe-Dameron-EP,1,MC
Gearmaster,30003,Hidden Assets,2024,HA07,EE,Discogs|https://www.discogs.com/release/30302834-Gearmaster-30003,1,MC
Out-Or,Unreleased Debut,Trash Can Dance,2024,TCD427,EE,Discogs|https://www.discogs.com/release/30725147-Out-Or-Unreleased-Debut,1,MC
Operatsioon Õ,... Pärineb Kogemustest,Not On Label,2000,2,EE,Discogs|https://www.discogs.com/release/6911687-Operatsioon-%C3%95--P%C3%A4rineb-Kogemustest,1,MC
Düsentroop,Düsentroop,Trash Can Dance,2024,TCD428,EE,Discogs|https://www.discogs.com/release/30735217-D%C3%BCsentroop-D%C3%BCsentroop,1,MC
Kroma,UnFuture,Trash Can Dance,2024,TCD419,EE,Discogs|https://www.discogs.com/release/29767459-Kroma-UnFuture,1,MC
Day Of The Triangle,Twencen Drag Party,Trash Can Dance,2024,TCD430,EE,Discogs|https://www.discogs.com/release/30452237-Day-Of-The-Triangle-Twencen-Drag-Party,1,MC
Henri Hütt,Võimatus Kui Elustiil,Trash Can Dance,2024,TCD416,EE,Discogs|https://www.discogs.com/release/30012013-Henri-H%C3%BCtt-V%C3%B5imatus-Kui-Elustiil,1,MC
Tont,Džunglirada,Trash Can Dance,2020,TCD266,EE,Discogs|https://www.discogs.com/release/15564769-Tont-D%C5%BEunglirada,1,MC
Gatesleeper,Crystal Hearts,Trash Can Dance,2024,TCD411,EE,Discogs|https://www.discogs.com/release/29768113-Gatesleeper-Crystal-Hearts,2,MC
Erinevad Esitajad,Bleep Tape,Mixtape On Tape,2022,-,EE,Discogs|https://www.discogs.com/release/25683451-Various-Bleep-Tape,1,MC
Luurel Varas,Luurel Varas,Not On Label,2016,-,EE,Discogs|https://www.discogs.com/release/8626124-Luurel-Varas-Luurel-Varas,1,MC
Käärkäsi,Sinine Kassett,Not On Label,2020,-,EE,Bandcamp|https://kaarkasi.bandcamp.com/album/sinine-kassett,1,MC
The Lunacy Of Flowers,Dead Man's Letters : Mixtape,L.O.T.S Records,2024,LOTS004,EE,Discogs|https://www.discogs.com/release/30967261-The-Lunacy-Of-Flowers-Dead-Mans-Letters-Mixtape-,1,MC
Alex Kelman,Ilusia,Geertruida,2023,TRUI108,NL,Discogs|https://www.discogs.com/release/27117192-Alex-Kelman-Ilusia,1,MC
Tallinna Tehnikaülikooli Meeskoor,Tallinna Tehnikaülikooli Meeskoor,Tallinna Helikassettitehas,1990,14,EE,NONE,1,MC
Huerequeque,Huerequeque EP,Trash Can Dance,2025,TCD254,EE,Discogs|https://www.discogs.com/release/35552626-Huerequeque-Huerequeque-EP,1,MC
Gogdog,(Raadiku Tänava Elanike Originaalköha),Trash Can Dance,2025,TCD472,EE,Discogs|https://www.discogs.com/release/35561857-Gogdog-Raadiku-T%C3%A4nava-Elanike-Originaalk%C3%B6ha,1,MC
Ethermen,Frs-1,Trash Can Dance,,TCD497,EE,Discogs|https://www.discogs.com/release/35553454-Ethermen-Frs-1,2,MC
Hüpnosaurus,Class X 1992 - 1995 (Orange),Kosmos Control,1995,KC 003,EE,Discogs|https://www.discogs.com/release/656740-H%C3%BCpnosaurus-Class-X-1992-1995,1,MC
Hüpnosaurus,Class X 1992 - 1995 (Green),Kosmos Control,1995,KC 003,EE,Discogs|https://www.discogs.com/release/9286806-H%C3%BCpnosaurus-Class-X-1992-1995,1,MC
Röövel Ööbik,Psychikosmos,Kosmos Control,1994,KC 01,EE,Discogs|https://www.discogs.com/release/2397012-R%C3%B6%C3%B6vel-%C3%96%C3%B6bik-Psychikosmos,1,MC
Erinevad Esitajad,Rock Collection,Kuldnokk,1989,-,EE,Discogs|https://www.discogs.com/release/6578889-Various-Rock-Collection,1,MC
Erinevad Esitajad,Punk On Surn'd I,Fucking Cunt Records,1995,FCR003,EE,Discogs|https://www.discogs.com/release/6114653-Various-Punk-On-Surnd-I,2,MC
Erinevad Esitajad,Rock Collection 3,Kuldnokk,1990,-,EE,Discogs|https://www.discogs.com/release/6656286-Various-Rock-Collection-3,1,MC
Noizmakaz,Social Poetry,Metronom Music,2001,-,EE,Discogs|https://www.discogs.com/release/5539328-Noizmakaz-Social-Poetry,1,MC
Velikije Luki,Tallinn Põleb,hyper.records,2002,1045.4,EE,Discogs|https://www.discogs.com/release/2365569-Velikije-Luki-Tallinn-P%C3%B5leb,1,MC
Velikije Luki,Jõuluks Koju,"Levimuusikute Klubi ""Muusik""",1989,MUUSIK 4,EE,Discogs|https://www.discogs.com/release/2724790-Velikije-Luki-J%C3%B5uluks-Koju,2,MC
Erinevad Esitajad,HELLO,Saint Records,1995,-,EE,Discogs|https://www.discogs.com/release/2401322-Various-Hello,2,MC
Lobsand Dorje,Waveforms,Kosmos Control,1994,KC 02,EE,Discogs|https://www.discogs.com/release/2279638-Lobsand-Dorje-Waveforms,1,MC
Erinevad Esitajad,Mätta Fondi 25 Kuldset Lööklaulu 3. Osa,Mätta Fond,2000,MÄF211,EE,Discogs|https://www.discogs.com/release/6957653-Various-M%C3%A4tta-Fondi-25-Kuldset-L%C3%B6%C3%B6klaulu-3-Osa,1,MC
Sitimaan,Sitimaan,X-Music,1992,1,EE,Discogs|https://www.discogs.com/release/6578976-Sitimaan-Sitimaan,2,MC
Vennaskond,Võluri Tagasitulek,Not On Label,1994,-,EE,Discogs|https://www.discogs.com/release/2896322-Vennaskond-V%C3%B5luri-Tagasitulek,2,MC
Claire's Birthday,City Loves,Claire's Birthday Inc,2001,CBI 2-561,EE,Discogs|https://www.discogs.com/release/6911953-Claires-Birthday-City-Loves,1,MC
Kojamees and the Band,Suur Pettus,Not On Label,1994,-,EE,Discogs|https://www.discogs.com/release/2729146-Kojamees-and-the-Band-Suur-Pettus,1,MC
Пropeller,Пropeller,Fugata,1995,FUGMC 2003,EE,Discogs|https://www.discogs.com/release/2786374-%D0%9Fropeller-%D0%9Fropeller,1,MC
Estin,Lennata,Gunnar Loho Music Management,1997,-,EE,Discogs|https://www.discogs.com/release/15647081-Estin-Lennata,1,MC
Estin,Promokassett,Gunnar Loho Music Management,1997,-,EE,Discogs|https://www.discogs.com/release/8552963-Estin-Promokassett,1,MC
Erinevad Esitajad,Suur jalutuskäik 1997 : Eesti kõigi aegade pikim megamix,Gunnar Loho Music Management,1997,-,EE,Discogs|https://www.discogs.com/release/24168458-Various-Suur-jalutusk%C3%A4ik-1997-Eesti-k%C3%B5igi-aegade-pikim-megamix,2,MC
Ritmos Liquidos,Ritmos Liquidos,Top Billin,2016,-,EE,Discogs|https://www.discogs.com/release/8601269-Ritmos-Liquidos-Ritmos-Liquidos,1,MC
Juhhei,Mina pääsen taevasse,Via Music,?,VMC841,FI,NONE,1,MC
Beep Shop Boys,Beep Shop Boys,Not On Label,1995,-,EE,Discogs|https://www.discogs.com/release/11657873-Beep-Shop-Boys-Beep-Shop-Boys,2,MC
Mahavok,Mahavok,Kooperatiiv Laser,1990,-,EE,Discogs|https://www.discogs.com/release/10862099-Mahavok-Mahavok,2,MC
Estin,Estin,Gunnar Loho Music Management,1996,-,EE,Discogs|https://www.discogs.com/release/5419442-Estin-Estin,3,MC
Day Of The Triangle,Taasik,Trash Can Dance,2025,TCD483,EE,Discogs|https://www.discogs.com/release/36015706-Day-Of-The-Triangle-Taasik,1,MC
Endamisi Salamisi,"Muusika Tantsuetendusest ""Kuidas Ehitada Aiapäkapikku""",Trash Can Dance,2025,TCD488,EE,Discogs|https://www.discogs.com/release/35562136-Endamisi-Salamisi-Muusika-Tantsuetendusest-Kuidas-Ehitada-Aiap%C3%A4kapikku,1,MC
Pu-3rh,Sunyata EP,Trash Can Dance,2026,TCD489,EE,Discogs|https://www.discogs.com/release/36016522-Pu-3rh-Sunyata-EP-,1,MC
L.F.Ants,L.F.Dubs,Trash Can Dance,2025,TCD476,EE,Discogs|https://www.discogs.com/release/35561485-LFAnts-LFDubs-,1,MC
COLC,Live @ Ülase 14.11.2025 ,Trash Can Dance,2025,TCD485,EE,Discogs|https://www.discogs.com/release/36015526-COLC-Live-%C3%9Clase-14112025-,1,MC
Erik Alalooga,Lunacy And Trance - Live At Üle Heli 18.10.2025,Trash Can Dance,2025,TCD463,EE,Discogs|https://www.discogs.com/release/35553745-Erik-Alalooga-Lunacy-And-Trance-Live-At-%C3%9Cle-Heli-18102025,1,MC
Kalli Talonpoika,Today's A Day I Feel There Might Not Be A Tomorrow Some Day,Trash Can Dance,2025,TCD319,EE,Discogs|https://www.discogs.com/release/35552863-Kalli-Talonpoika-Todays-A-Day-I-Feel-There-Might-Not-Be-A-Tomorrow-Some-Day,2,MC
Asiilanna,Forgotten Realms / Transition,Trash Can Dance,2023,TCD407,EE,Discogs|https://www.discogs.com/release/28851391-Asiilanna-Forgotten-Realms-Transition,1,MC
Beep Shop Boys,Kaks Aastat Tingimusi,AS Trio,1996,BSBMC01,EE,Discogs|https://www.discogs.com/release/13539570-Beep-Shop-Boys-Kaks-Aastat-Tingimusi,1,MC
Sulev Nõmmik,Kärna Ärni Lood I,Salu Muusik,1992,-,EE,Discogs|https://www.discogs.com/release/23158004-Sulev-N%C3%B5mmik-K%C3%A4rna-%C3%84rni-Lood-1,1,MC
Sulev Nõmmik,Kärna Ärni Lood II,Salu Muusik,1992,-,EE,NONE,1,MC
Metallist,Back Page News,"Kuldnokk, Rocco Music",1989,-,EE,Discogs|https://www.discogs.com/release/6534384-Metallist-Back-Page-News,1,MC
Shower,Humiliator,"Auvi, Soundur Ltd",1992,25,EE,Discogs|https://www.discogs.com/release/2837863-Shower-Humiliator,1,MC
L-Steelo,Tallinna Kõrgeimal Mäel LP,Priisle Records,2020,-,EE,Discogs|https://www.discogs.com/release/15781144-LSteelo-Tallinna-K%C3%B5rgeimal-M%C3%A4el-LP,1,MC
Erinevad Esitajad,Mätta Fondi 25 Kuldset Lööklaulu 2. Osa,Mätta Fond,1998,MÄF3,EE,Discogs|https://www.discogs.com/release/6729043-Various-M%C3%A4tta-Fondi-25-Kuldset-L%C3%B6%C3%B6klaulu-2-Osa,1,MC
NOZEM / MUTANT,Frankie Never Arrived In Hollywood,Stenze Quo Musik,2017,,BE,Discogs|https://www.discogs.com/release/10552016-Nozem-Mutant-Frankie-Never-Arrived-In-Hollywood,1,MC
Out-Or,Paste Special,Wix Records,1997,A0004,EE,Discogs|https://www.discogs.com/release/119769-Out-Or-Paste-Special,1,MC
Viktor Kuu,Tot,Trash Can Dance,2021,TCD293,EE,Discogs|https://www.discogs.com/release/19127572-Viktor-Kuu-Tot,1,MC
SlowedChromeChain,Life Behind The Sun,Trash Can Dance,2019,TCD232,EE,Discogs|https://www.discogs.com/release/14702743-SlowedChromeChain-Life-Behind-The-Sun,2,MC
Asiilanna,Primordial Tale / Limitless,Trash Can Dance,2025,TCD478,EE,Discogs|https://www.discogs.com/release/35570011-Asiilanna-Primordial-Tale-Limitless,1,MC
Darkside,Kosmiline Otsus,Trash Can Dance,2017,TCD128,EE,Discogs|https://www.discogs.com/release/10443866-Darkside-Kosmiline-Otsus,1,MC
Valter Nõmm,Fuzzolini EP,Trash Can Dance,2021,TCD294,EE,Discogs|https://www.discogs.com/release/19211233-Valter-N%C3%B5mm-Fuzzolini-EP,1,MC
SS Robot / NG3,Ostland / 101 Siga,Trash Can Dance,2025,TCD482,EE,Discogs|https://www.discogs.com/release/35579524-SS-Robot-NG3-Ostland-101-Siga,1,MC
"Villem Jahu, Martiini, Riho Kall","85,68 m",Sünoptik,2017,sün 001,EE,Discogs|https://www.discogs.com/release/11244858-Villem-Jahu-Martiini-Riho-Kall-8568-m,1,MC
Killer Masin Ja Uzbekistanskii Special Forces Of Rjap,Maaalused,Trash Can Dance,2015,TCD-89-,EE,Discogs|https://www.discogs.com/release/8121989-Killer-Masin-Ja-Uzbekistanskii-Special-Forces-Of-Rjap-Maaalused,1,MC
Aamen,Halloo Halo,Trash Can Dance,2014,TCD65,EE,Discogs|https://www.discogs.com/release/6344186-Aamen-Halloo-Halo,1,MC
Kalle Ja Astra,Lend,Kaljuste Music Group,1996,KMG 085.4,EE,Discogs|https://www.discogs.com/release/5083781-Kalle-Ja-Astra-Lend,1,MC
Code One,Code One,Valindo,1995,-,EE,Discogs|https://www.discogs.com/release/10720958-CODE-ONE-Code-One,3,MC
Zone,Kirgede Keeled,Metronom,2003,721L-4,EE,Discogs|https://www.discogs.com/release/6899789-Zone-Kirgede-Keeled,1,MC
Operatsioon Õ,Viies Ratas,Aidem Pot Records,1997,POT MC 1039,EE,Discogs|https://www.discogs.com/release/6114136-Operatsioon-%C3%95-Viies-Ratas-,2,MC
"Mölamaffia, Veiks & Tambet",Enne Kasutamist Nõksutada Vol.1,Sonogram Productions,?,-,EE,Discogs|https://www.discogs.com/release/6729326-M%C3%B6lamaffia-Veiks-Trambet-Enne-Kasutamist-N%C3%B5ksutada-Vol1,2,MC
Click OK,Lase Lõdvaks,BooM Productions,1998,-,EE,Discogs|https://www.discogs.com/release/14371935-Click-OK-Lase-L%C3%B5dvaks,2,MC
Hovery Covery,Hoia Mul Käest,Forte,1995,FD 0088,EE,Discogs|https://www.discogs.com/release/11652387-Hovery-Covery-Hoia-Mul-K%C3%A4est,1,MC
Onu Bella,Klounimuusikal,Valindo,1993,OB 4,EE,Discogs|https://www.discogs.com/release/2665289-Onu-Bella-Klounimuusikal,1,MC
Pantokrator,Pantokrator,Tallinna Helikassetitehas,1991,24,EE,Discogs|https://www.discogs.com/release/7544785-Pantokrator-Pantokrator,1,MC
Erinevad Esitajad,Eesti Pop I,Мелодия,1983,СМ01127,EE,Discogs|https://www.discogs.com/release/20359765-Various-Eesti-Pop-I,1,MC
Erinevad Esitajad,Eesti Pop № 11 (Rock),Tallinna Helikassetitehas,1990,3,EE,Discogs|https://www.discogs.com/release/6798733-Various-Eesti-Pop-11-Rock-Estonian-Pop-XI,1,MC
Caater,I,Caater Productions,1997,CPMC001,EE,Discogs|https://www.discogs.com/release/11063233-Caater-I,1,MC
Caater,II Level,Caater Productions,1997,CPMC002,EE,Discogs|https://www.discogs.com/release/11657800-Caater-II-Level,1,MC
Kaido Suss,Laulud Juhan Viidingu Sõnadele,Not On Label,1997,-,EE,NONE,1,MC
Kaido Suss,Pätu Laulud,Kuldnokk,1990?,-,EE,Digar|https://www.digar.ee/arhiiv/et/pildimaterjal/48833,1,MC
Sektor ja Reet Linna,Teineteisele me loodud,AMF,1998,-,EE,NONE,1,MC
Vinged Jütsid,Miljonäriks,Not On Label,2003,VJMC001,EE,NONE,1,MC
Tunnetusüksus,Global Mango Free,Auvi,1992,-,EE,Discogs|https://www.discogs.com/release/1320076-Tunnetus%C3%BCksus-Global-Mango-Free,1,MC
Vürst Trubetsky & J.M.K.E.,Rotipüüdja,Kaljukotkas,2000,KKMC015,EE,Discogs|https://www.discogs.com/release/2786358-V%C3%BCrst-Trubetsky-JMKE-Rotip%C3%BC%C3%BCdja,1,MC
Junga,River Valley / Coloration,Trash Can Dance,2026,TCD487,EE,Discogs|https://www.discogs.com/release/36838978-Junga-River-Valley-Coloration,2,MC
Vasall Club,Ruff Weld Mega Deep,Trash Can Dance,2026,TCD505,EE,Discogs|https://www.discogs.com/release/36839668-Vasall-Club-Ruff-Weld-Mega-Deep,1,MC
Myiasis,Terrifying Tales From The Silent People,Trash Can Dance,2026,TCD485,EE,Discogs|https://www.discogs.com/release/36845599-MYIASIS-Terrifying-Tales-From-The-Silent-People-,1,MC
Esivanemate Unustatud Hinged,Hulk Surnute Numbreid,Trash Can Dance,2025,TCD495,EE,Discogs|https://www.discogs.com/release/35570734-Esivanemate-Unustatud-Hinged-Hulk-Surnute-Numbreid,1,MC
Gogdog,Mees Sa Seene Pand Wa,Trash Can Dance,2025,TCD473,EE,Discogs|https://www.discogs.com/release/34541305-Gogdog-Mees-Sa-Seene-Pand-Wa,1,MC
West Coast Swingaz,Groove 4 U,Trash Can Dance,2022,TCD344,EE,Discogs|https://www.discogs.com/release/22041874-West-Coast-Swingaz-Groove-4-U,2,MC
ᚱᚢᚢᚾᛁ ᚢᛟᚨᛚᚢᚱ,ᛖᛖᛊᛏᛁ ᛊᛁᚷᛏᚢᚾᚨ,Ennekuulmatu Viha,2023,EKV22,EE,Discogs|https://www.discogs.com/release/28949896-%E1%9A%B1%E1%9A%A2%E1%9A%A2%E1%9A%BE%E1%9B%81-%E1%9A%A2%E1%9B%9F%E1%9A%A8%E1%9B%9A%E1%9A%A2%E1%9A%B1-%E1%9B%96%E1%9B%96%E1%9B%8A%E1%9B%8F%E1%9B%81-%E1%9B%8A%E1%9B%81%E1%9A%B7%E1%9B%8F%E1%9A%A2%E1%9A%BE%E1%9A%A8,1,MC
Ruunivõlur,Gypsissy,Ennekuulmatu Viha,2023,EKV28,EE,Discogs|https://www.discogs.com/release/29164972-Ruuniv%C3%B5lur-Gypsissy,1,MC
Erinevad Esitajad,PIMENEB - Eesti Ambient 1995-2025 (Mixtape by Rainer Nlv),Not On Label,2025,-,EE,Discogs|https://www.discogs.com/release/34397458-Rainer-Nlv-PIMENEB-Eesti-Ambient-1995-2025,2,MC
Keetai,Seraphic Distortion,Trash Can Dance,2024,TCD425,EE,Discogs|https://www.discogs.com/release/32022047-KEETAI-Seraphic-Distortion,1,MC
Röövel Ööbik,Ilu,Kuldnokk,1989,-,EE,Discogs|https://www.discogs.com/release/927254-R%C3%B6%C3%B6vel-%C3%96%C3%B6bik-Ilu,2,MC
Erinevad Esitajad,Rock-Reliikvia,Records 2000,2002,REC 0054.4,EE,Discogs|https://www.discogs.com/release/6483064-Various-Rock-Reliikvia,1,MC
Les Enfants Terribles / The Dreamers / Unistajad,Les Enfants Terribles / The Dreamers / Unistajad,Trash Can Dance,2018,TCD188,EE,Discogs|https://www.discogs.com/release/12194776-Les-Enfants-Terribles-The-Dreamers-Unistajad-Les-Enfants-Terribles-The-Dreamers-Unistajad,1,MC
Mari-Liis,Võib Tunda End Vabalt,Records 2000,2003,REC 0100.4,EE,Discogs|https://www.discogs.com/release/7075261-Mari-Liis-V%C3%B5ib-Tunda-End-Vabalt,1,MC
Villu,Tõusnud,UVAT,1998,UVAT001,EE,Digar|https://www.digar.ee/arhiiv/et/raamatud/54377,2,MC
"Düsentroop, OVM, S.I., VKS","Jeesuse Soolikad, Jeesuse Veri, Sisse Taon Tanguteri (Live At Levi'st Väljas)",Trash Can Dance,2025,TCD457,EE,Discogs|https://www.discogs.com/release/33140742-D%C3%BCsentroop-OVM-3-SI-6-VKS-Jeesuse-Soolikad-Jeesuse-Veri-Sisse-Taon-Tanguteri-Live-At-Levist-V%C3%A4ljas,1,MC
Nancy / 2 Quick Start,Suvest suveni,Aidem Pot,1995,POT MC 1005,EE,Discogs|https://www.discogs.com/release/11658760-Nancy-21-2-Quick-Start-Suvest-suveni,2,MC
Erinevad Esitajad,Eurolaul '94,Eesti Raadio,1994,-,EE,Discogs|https://www.discogs.com/release/30250703-Various-Eurolaul-94,1,MC
Exit Safe Mode,Altered,Trash Can Dance,2025,TCD477,EE,Bandcamp|https://exitsafemode.bandcamp.com/album/altered,1,MC
Mirrorwell,Baltoscandal Mix 09.07.2022,Trash Can Dance,2022,TCD384,EE,Discogs|https://www.discogs.com/release/24472760-Mirrorwell-Baltoscandal-Mix-09072022,1,MC
"Toomas Tross, Haide Männamäe, Rahel Selge",Kilpkonn Kipsi jutukas,Multi Film,2000,-,EE,Digar|https://www.digar.ee/arhiiv/et/raamatud/54797,1,MC
Exit Safe Mode,Xtension,Trash Can Dance,2024,TCD432,EE,Discogs|https://www.discogs.com/release/31573738-Exit-Safe-Mode-Xtension,1,MC
Riste,Supipäev,Degenerate Underground,2023,DGUG#009,EE,Discogs|https://www.discogs.com/release/30615058-Riste-Supip%C3%A4ev,1,MC
Neon Fir,Neon Fir,Not On Label,2021,-,EE,Discogs|https://www.discogs.com/release/23814089-Neon-Fir-Neon-Fir,1,MC
Karl Martian,Purgatory,Trash Can Dance,2021,TCD315,EE,Discogs|https://www.discogs.com/release/21222115-Karl-Martian-Purgatory,1,MC
Borax,Tallinn (blue),Heven,1997,-,EE,Discogs|https://www.discogs.com/release/3011007-Borax-Tallinn,1,MC
Push Up,Geisha,Hitivabrik,1999,HFMC018,EE,Discogs|https://www.discogs.com/release/2365838-Push-Up-Geisha,1,MC
Push Up,Teeme Süsti,Hitivabrik,2000,HFMC030,EE,Discogs|https://www.discogs.com/release/14200587-Push-Up-Teeme-S%C3%BCsti,1,MC
Erinevad Esitajad,Just See Pop - Eesti Top 1,Kaljuste Music Group,1996,KMG 061.4,EE,Discogs|https://www.discogs.com/release/7087187-Various-Just-See-Pop-Eesti-Top-1,1,MC
Erinevad Esitajad,Just See Pop - Eesti Top 2,Kaljuste Music Group,1996,KMG 064.4,EE,NONE,1,MC
Erinevad Esitajad,Top '96-'97,Kaljuste Music Group,1996,KMG 112.4,EE,Discogs|https://www.discogs.com/release/13534897-Various-Top-96-97,1,MC
Kate,Teisel Pool,Kaljuste Music Group,1997,KMG 158.4,EE,Discogs|https://www.discogs.com/release/23245925-Kate-Teisel-Pool,1,MC
Kurjam,Kurjam Taevasse Ei Saa,Kurjam Records,1997,-,EE,Discogs|https://www.discogs.com/release/8559468-Kurjam-Kurjam-Taevasse-Ei-Saa,1,MC
Oopus,Folk On Acid,Not On Label,2022,-,EE,Discogs|https://www.discogs.com/release/29579479-OOPUS-Folk-On-Acid,1,MC
Kadri Hunt,Vaikuses On Hea,SaluMuusik,1993,-,EE,Digar|https://www.digar.ee/arhiiv/et/nlib-digar:212131,1,MC
Erinevad Esitajad,Eesti Superhitt Jõulu Eri,Records 2000,?,REC 0040.4,EE,Discogs|https://www.discogs.com/release/11354655-Various-Eesti-Superhitt-J%C3%B5ulu-Eri,1,MC
Magic Beat,Kõik Mis Olnud,F-Fond,1996,-,EE,Discogs|https://www.discogs.com/release/5419379-Magic-Beat-K%C3%B5ik-Mis-Olnud,1,MC
Abi Zeider,The Best Of Abi Zeider,Tallinna Helikassetitehas,1991,27,EE,Discogs|https://www.discogs.com/release/15799600-Abi-Zeider-The-Best-Of-Abi-Zeider,1,MC
Erinevad Esitajad,Legends of the Nite 2,Wix Records,1996,A0002,EE,Discogs|https://www.discogs.com/release/14961-Various-Legends-Of-The-Nite-2,1,MC
Jam,Ootus,Valindo,1996,-,EE,Discogs|https://www.discogs.com/release/6898146-Jam-Ootus,1,MC
Dreamphish,Garlic Icecream,Not On Label,1997,UNI 001,EE,Discogs|https://www.discogs.com/release/6108396-Dreamphish-Garlic-Icecream,2,MC
Otto-Triin Ja Sõbrad,Otto-Triin,Valindo,1994,-,EE,Discogs|https://www.discogs.com/release/32442717-Otto-Triin-Ja-S%C3%B5brad-Otto-Triin,1,MC
Erinevad Esitajad,Suvest Suveni '98,Aidem Pot,1998,POT MC 1055,EE,Discogs|https://www.discogs.com/release/32446686-Various-Suvest-Suveni-98,1,MC
Dallas,Raj Kapoor,Kings Of Shortwaving,1995,SW 3,EE,Discogs|https://www.discogs.com/release/1288390-Dallas-Raj-Kapoor,2,MC
Trinity,Trinity,CP Music,2004,CPMC012,EE,Discogs|https://www.discogs.com/release/12157096-Trinity-Trinity,1,MC
Unit-E,['lait'hedid] EP,Cosmic disco,1995,MC002,EE,Digar|https://www.digar.ee/arhiiv/et/nlib-digar:136795,1,MC
Keskkool,Päris Maailma Elu,Beyond Tartu,2023,7,EE,Discogs|https://www.discogs.com/release/28704556-Keskkool-P%C3%A4ris-Maailma-Elu,1,MC
Lobsand Dorje,The Owls Are Not What They Seem,Camp Productions,1996,CP01,EE,Discogs|https://www.discogs.com/release/6110793-Lobsand-Dorje-The-Owls-Are-Not-What-They-Seem,1,MC
Erinevad Esitajad,Eesti Pop X,Мелодия,1989,SMO 1882,EE,Discogs|https://www.discogs.com/release/6539929-Various-Eesti-Pop-X,1,MC
Tehnikaülikooli Akadeemiline Meeskoor / Riigi Piirivalveameti Orkester,Ühel Häälel Ühel Meelel III - Krambambuli,Not On Label,1996,-,EE,Discogs|https://www.discogs.com/release/12066695-Tehnika%C3%BClikooli-Akadeemiline-Meeskoor-Riigi-Piirivalveameti-Orkester-%C3%9Chel-H%C3%A4%C3%A4lel-%C3%9Chel-Meelel-II,1,MC
Erinevad Esitajad,Rock The Christmas,Kuldnokk,1989,-,EE,Discogs|https://www.discogs.com/release/12083601-Various-Rock-The-Christmas,1,MC
Üllar Jörberg,Suur Ahv,Theka,1996,TC 004/96,EE,Discogs|https://www.discogs.com/release/6554632-%C3%9Cllar-J%C3%B6rberg-Suur-Ahv,1,MC
Kuldne Trio,"Elmar Tura esitleb: Mina ja ""Kuldne Trio""",Kaljuste Music Production,1997,KMP001.4,EE,Discogs|https://www.discogs.com/release/20098135-Kuldne-Trio-Elmar-Tura-esitleb-Mina-ja-Kuldne-Trio,1,MC
Erinevad Esitajad,Jõuluks Koju,BG Muusik,1996,BGMC022,EE,RA|https://www.ra.ee/apps/valiseesti/index.php/en/music/view?id=1499&_xr=eNotjEEKhDAUQ%252B%252Fy96JVFxLvMfuPBB3Q1ml%252FFyLeXcu4yiMvROFwftGMiv4PCW6ARP4yk9WJGqflwy3LY3pICtEKth1ko6kdOyvNtoRYTcEbvb3LXWcWdJCh5PO6qp%252FzW7cQehmv6wbj5CoH,1,MC
Mono Fans,Aeg Nautida,BooM Productions,1997,BOOMMC 001,EE,Discogs|https://www.discogs.com/release/11652209-Mono-Fans-Aeg-Nautida,1,MC
Ninell Koit,Teel Igavikku,Not On Label,1997,-,EE,NONE,1,MC
Erinevad Esitajad,Kassid : lastemiisukal ,Vanalinnastuudio,2001,-,EE,Digar|https://www.digar.ee/arhiiv/et/raamatud/55370,1,MC
Myspace01,Extravagante,Trash Can Dance,2019,TCD 132,EE,Discogs|https://www.discogs.com/release/13272392-Myspace01-Extravagate,1,MC
Üllar Jörberg ja Suveniir,Meri Ja Kitarr,Not On Label,1993,-,EE,Discogs|https://www.discogs.com/release/12042188-%C3%9Cllar-J%C3%B6rberg-ja-Suveniir-Meri-Ja-Kitarr,1,MC
Luarvik Luarvik,Baltic Station Session,Not On Label,2000,-,EE,Discogs|https://www.discogs.com/release/3618489-Luarvik-Luarvik-Baltic-Station-Session,1,MC
MM Delicious,P***M NEVER,Not On Label,2022,-,EE,Bandcamp|https://mmdelicious.bandcamp.com/album/p-m-never-3,1,MC
Unknown Artist,"Meditation Music IX, X",Tiibeti Budismi Nyingma Eesti Kogudus,1999,-,EE,NONE,1,MC
Erinevad Esitajad,Eesti Hit 12,O.K. Records,1997,OKRMC 027,EE,Discogs|https://www.discogs.com/release/5458454-Various-Eesti-Hit-12,1,MC
Una Bomba,Honeycombat,Plastmass Recordings,1997,PLT1,EE,Discogs|https://www.discogs.com/release/5279573-Una-Bomba-Honeycombat,1,MC
Unknown Artist,"Meditation Music VI, VII, VIII",Tiibeti Budismi Nyingma Eesti Kogudus,1999,-,EE,NONE,1,MC
Erinevad Esitajad,Young Rockers,Kuldnokk,1989,-,EE,Discogs|https://www.discogs.com/release/6110097-Various-Young-Rockers,2,MC
Obscured,Pessimistic,Not On Label,1994,-,EE,  j|https://www.discogs.com/release/3035552-Obscured-Pessimistic,2,MC
Luurel Varas,175g,Aina Lomalla,2019,AILO 004,EE,Discogs|https://www.discogs.com/release/13644119-Luurel-Varas-175g,1,MC
Leslie Da Bass,Constructions / Illusions,Kreatiivlennuk,2022,-,EE,Discogs|https://www.discogs.com/release/23113187-Leslie-Da-Bass-Constructions-Illusions,1,MC
DJ Y,Hoogsas Rütmis,Not On Label,????,-,EE,NONE,1,MC
Elo Toodo,Elo Toodo,Theka,????,TR-001,EE,NONE,1,MC
"Heikki Lindgren, Kaido Kirikmäe",Split,Not On Label,2023,-,EE,Discogs|https://www.discogs.com/release/27205380-Heikki-Lindgren-Kaido-Kirikm%C3%A4e-Split,1,MC
Erinevad Esitajad,Eesti Hit 4,O.K. Records,1995,OKRMC 008,EE,Discogs|https://www.discogs.com/release/5426594-Various-Eesti-Hit-4,1,MC
Agape,Grungede Kultuur (self made demo),Not On Label,1994,-,EE,NONE,1,MC
Erinevad Esitajad,Kappavad hobused : kontsert-turnee,Valindo,1996,-,EE,Digar|https://www.digar.ee/arhiiv/nlib-digar:245764,1,MC
Erinevad Esitajad,Schampler - A Schilling Festival Compilation 2011,Kohviradio,2011,KR-3,EE,Discogs|https://www.discogs.com/release/3797135-Various-Schampler-A-Schilling-Festival-Compilation-2011,1,MC
Heilo,Kuskilt Tuleb Lillelõhn... Enno Laulud I.,Not On Label,2001,-,EE,Discogs|https://www.discogs.com/release/17396908-Heilo-Kuskilt-Tuleb-Lillel%C3%B5hn-Enno-Laulud-I,1,MC
Vesikas & Fofkin,Ümeratsioon Deluxe,SNTGJ,2023,STMC01,EE,Discogs|https://www.discogs.com/release/26502791-Vesikas-Fofkin-%C3%9Cmeratsioon-Deluxe,1,MC
Mike Emelai,Dreaming,Talking Music,2000,-,EE,Digar|https://www.digar.ee/arhiiv/et/nlib-digar:251378,1,MC
PhoneCall,Meditation,Lejal Globe,2021,LJLGLB022MC,EE,Discogs|https://www.discogs.com/release/18410461-PhoneCall-Meditation,1,MC
Парки,Music Of Full Moon,Elektrus,2000,-,RU,Discogs|https://www.discogs.com/release/4913453-%D0%9F%D0%B0%D1%80%D0%BA%D0%B8-Music-Of-Full-Moon,1,MC
Road To Saturn / Martiini / Underground Forest,18.09.2021 / Salong / Tartu ,Trash Can Dance,2022,TCD349,EE,Discogs|https://www.discogs.com/release/24470933-Road-To-Saturn-Martiini-Underground-Forest-18092021-Salong-Tartu-,1,MC
Dyvour,Dog Nightmares,Trash Can Dance,2022,TCD357,EE,Discogs|https://www.discogs.com/release/24470201-Dyvour-Dog-Nightmares,1,MC
Genka & Dew8,Doom,Legendaarne Records,2023,LEGEND0046,EE,Discogs|https://www.discogs.com/release/26963306-Genka-Dew8-Doom,1,MC
Robert Jürjendal,Vesi Leiab Tee II,Not On Label,2023,-,EE,Discogs|https://www.discogs.com/release/26135666-Robert-J%C3%BCrjendal-Vesi-Leiab-Tee-II,1,MC
Kuzey,Auguri,Off-Kilter,2018,OK004,EE,Discogs|https://www.discogs.com/release/12156053-Kuzey-Augury,1,MC
Lauri Sommer / Arles Kangus,Vanalinna Vahel - Laule Väikse Hipi Sõnadele,Õunaviks,2021,ov28,EE,Discogs|https://www.discogs.com/release/18913453-Lauri-Sommer-Arles-Kangus-Vanalinna-Vahel-Laule-V%C3%A4ikse-Hipi-S%C3%B5nadele,1,MC
Kristjan Thomas Haaristo,Black Reliquary Vol. 1,Trash Can Dance,2022,TCD354,EE,Discogs|https://www.discogs.com/release/22680245-Kristjan-Thomas-Haaristo-Black-Reliquary-Vol-1,1,MC
Gogdog X Oumeen,Post-Kontor Music,Trash Can Dance,2022,TCD347,EE,Discogs|https://www.discogs.com/release/25139728-Gogdog-X-Oumeen-Post-Kontor-Music,1,MC
Sädelev Kass,Muusika,Trash Can Dance,2022,TCD333,EE,Discogs|https://www.discogs.com/release/22680578-S%C3%A4delev-Kass-Muusika,1,MC
Bizarre,Café De Flor,Sally Cinnamon Music,1996,SAL004M.C.,EE,Discogs|https://www.discogs.com/release/1571330-Bizarre-Caf%C3%A9-De-Flor,2,MC
Roma Vjazemski,Golden Microphone From Rainy Sicily,Muscut,2023,Muscut 29C,UA,Discogs|https://www.discogs.com/release/27237222-Roma-Vjazemski-Golden-Microphone-From-Rainy-Sicily,1,MC
Dyvour,NEONEO,Trash Can Dance,2022,TCD342,EE,Discogs|https://www.discogs.com/release/24465326-Dyvour-NEONEO,1,MC
DJ Drummie,Supreme Tapes vol 2,Not On Label,1999,-,EE,Digar|https://www.digar.ee/arhiiv/et/nlib-digar:251337,1,MC
Dyvour,Dog Dreams,Trash Can Dance,2021,TCD325,EE,Discogs|https://www.discogs.com/release/21631333-Dyvour-Dog-Dreams,1,MC
Kaido Kirikmäe,Music That Makes You Yawn,Not On Label,2021,-,EE,Discogs|https://www.discogs.com/release/20446258-Kaido-Kirikm%C3%A4e-Music-That-Makes-You-Yawn,1,MC
Autharktos,Eimiski Oli Eile Veel Miski,Trash Can Dance,2023,TCD394,EE,Discogs|https://www.discogs.com/release/26701178-Autharktos-Eimiski-Oli-Eile-Veel-Miski,1,MC
Sai Kuule,Chemicalgood,Trash Can Dance,2022,TCD362,EE,Discogs|https://www.discogs.com/release/25140625-Sai-Kuule-Chemicalgood,2,MC
Margo Pajula Ja Pearu Helenurm,Live Improtest 03.06.2018,Trash Can Dance,2023,TCD371,EE,Discogs|https://www.discogs.com/release/27079368-Margo-Pajula-Ja-Pearu-Helenurm-Live-Improtest-03062018-,1,MC
Toorete Helide Süntesaatorisalong,Live @ Kultuuritolm 14.07.2012,Trash Can Dance,2022,TCD351,EE,Discogs|https://www.discogs.com/release/25133695-Toorete-Helide-S%C3%BCntesaatorisalong--Kultuuritolm-14072012,1,MC
Lembit Sepp,Elurada,Tallinna Helikassetitehas,1997,-,EE,Ester|https://www.ester.ee/record=b3208892,1,MC
I Kindly Ask You,Hungry For Blood,Trash Can Dance,2022,TCD353,EE,Discogs|https://www.discogs.com/release/25139005-I-Kindly-Ask-You-Hungry-For-Blood,1,MC
Erinevad Esitajad,Jõulu Pop,AS HÜBRIID,1997,HÜBMC 004,EE,Discogs|https://www.discogs.com/release/35290756-Various-J%C3%B5ulu-Pop,2,MC
Richard Jerbach,Siber,Beyond Tartu,2022,4,EE,Discogs|https://www.discogs.com/release/22960367-Richard-Jerbach-Siber,1,MC
Hambad,Hambad,Trash Can Dance,2023,TCD383,EE,Discogs|https://www.discogs.com/release/26699798-Hambad-Hambad,2,MC
Warjutus,Kuutõus,Trash Can Dance,2023,TCD396,EE,Discogs|https://www.discogs.com/release/26700269-Warjutus-Kuut%C3%B5us',1,MC
Kenno,On Õige Aeg,Finn Trade,1995,-,EE,Digar|https://www.digar.ee/arhiiv/et/raamatud/23057,1,MC
Contents: Fragile,This Side Up,Not On Label,2018,-,EE,Discogs|https://www.discogs.com/release/15585536-Contents-Fragile-This-Side-Up,1,MC
Huiabella Fantastica,Moment Relax,HBF Records,2017,-,EE,Discogs|https://www.discogs.com/release/13024478-Huiabella-Fantastica-Moment-Relax,2,MC
Stellah,Stellah,Gunnar Loho Music Management,1997,-,EE,Discogs|https://www.discogs.com/release/6545513-Stellah-Stellah,1,MC
Erinevad Esitajad,"Ossom Mixtape 01 (mixtape by Rainer Nlv, Ricky Inch)",Ossom Records,2021,OSSOM11MT01,EE,Discogs|https://www.discogs.com/release/21320134-Rainer-Nlv-Ricky-Inch-Ossom-Mixtape-01,1,MC
M?nnivardad,Salanimekiri,Trash Can Dance,2019,TCD132,EE,Discogs|https://www.discogs.com/release/13098742-Mnnivardad-Salanimekiri,1,MC
Erinevad Esitajad,Electronic Grooves From Tallinn,Kings Of Shortwaving,1995,SW 2,EE,Discogs|https://www.discogs.com/release/6057990-Various-Electronic-Grooves-From-Tallinn,1,MC
Erinevad Esitajad,Rock Collection 2,Kuldnokk,1990,-,EE,Discogs|https://www.discogs.com/release/6533703-Various-Rock-Collection-2,1,MC
Urmas Sisask,"Tähistaevasükkel - ""Põhjataevas"" Klaverile",Not On Label,????,-,EE,Discogs|https://www.discogs.com/release/7074818-Urmas-Sisask-T%C3%A4histaevas%C3%BCkkel-P%C3%B5hjataevas-Klaverile,1,MC
Pedigree,Rossanakka,Khaos Control Records,1995,KHC01,EE,Discogs|https://www.discogs.com/release/3601576-Pedigree-Rossanakka,1,MC
Kulo,Onarhia,Kuldnokk,1990,-,EE,Discogs|https://www.discogs.com/release/2729084-Kulo-Onarhia,2,MC
Uni,Kosmikud,Kohvirecords,1999,krec002,EE,Discogs|https://www.discogs.com/release/7261084-Uni-Kosmikud,1,MC
Erinevad Esitajad,Age,Trash Can Dance,2023,TCD381,EE,Discogs|https://www.discogs.com/release/27798669-Various-AGE,1,MC
Saatana Sõjapeenis,Raping Dead Goats And Worshipping 666,Trash Can Dance,2014,TCD492,EE,Discogs|https://www.discogs.com/release/6519040-Saatana-S%C3%B5japeenis-Raping-Dead-Goats-And-Worshipping-666,1,MC
Roland & BL,Dimension Of Love (kõik vigased),Auvi,1993,-,EE,Digar|https://www.digar.ee/arhiiv/en/nlib-digar:358280,3,MC
Pina Colada,Live,Not On Label,2012,-,EE,NONE,1,MC
Laurel 2,Kasutu,Trash Can Dance,2023,TCD387,EE,Discogs|https://www.discogs.com/release/27086352-Laurel2-Kasutu,1,MC
Jaan Õispuu,Kas Tunned Maad,Pangloss,????,-,EE,NONE,1,MC
Jungle Fatigue Kru,Jungle Fatigue Vol. 3,Jungle Fatigue Records,2023,JF-003,KR,Discogs|https://www.discogs.com/release/34730856-Jungle-Fatigue-Kru-Jungle-Fatigue-Vol-3,1,MC
Vanemõde,"Demo ""Lend""",Not On Label,????,-,EE,NONE,1,MC
Dew8,Art Imitates Life,Dieu Huit Records,2024,DIEU0012,EE,Discogs|https://www.discogs.com/release/35775886-Dew8-Art-Imitates-Life,1,MC
Original Headz & Mehkel,Otse Keldrist,Not On Label,2025,-,EE,NONE,1,MC
Exit Safe Mode,Diaspora / Diaspora II,Trash Can Dance,2026,TCD518,EE,Discogs|https://www.discogs.com/release/37852404-Exit-Safe-Mode-Diaspora-Diaspora-II,1,MC
O:O:,For People Who Can't Sleep ,Trash Can Dance,2022,TCD363,EE,Discogs|https://www.discogs.com/release/23464529-OO-For-People-Who-Cant-Sleep-,1,MC
Erinevad Esitajad,Jõulu Top,B.G. Country Music,1994,BG 014,EE,Discogs|https://www.discogs.com/release/13884629-Various-J%C3%B5ulu-Top,1,MC
Erinevad Esitajad,Jõulud Viljandis,Vilma,1995,-,EE,Digar|https://www.digar.ee/arhiiv/et/perioodika/23404,1,MC
B.D.Ö.,Heavymetalnonstop,Not On Label,1993,-,EE,Discogs|https://www.discogs.com/release/6578768-BD%C3%96-Heavymetalnonstop,1,MC
Erinevad Esitajad,Tantsuõhtu: Esimene,Gunnar Loho Music Management,????,6,EE,Discogs|https://www.discogs.com/release/30396134-Various-Tantsu%C3%B5htu-Esimene,1,MC
Erinevad Esitajad,Mätta Fondi 25 Kuldset Lööklaulu 4. Osa,Mätta Fond,2000,MÄF Y93,EE,Discogs|https://www.discogs.com/release/6572852-Various-M%C3%A4tta-Fondi-25-Kuldset-L%C3%B6%C3%B6klaulu-4-Osa,1,MC
Nightlight Duo,Jäljed Liival,Top Ten,2001,TOP MC 1083,EE,Discogs|https://www.discogs.com/release/3879207-Nightlight-Duo-J%C3%A4ljed-Liival,1,MC
Erka O,Erka O,Gunnar Loho Music Management,1996,-,EE,Discogs|https://www.discogs.com/release/32441919-Erka-O-ERKA-O,1,MC
Röyksopp,Profound Mysteries,Dog Triumph,2022,DOG051CA,EU,Discogs|https://www.discogs.com/release/23073875-R%C3%B6yksopp-Profound-Mysteries,1,MC
"Siiri Sisask, Ultima Thule",Mis Maa See On?,Fugata,1998,FUGMC 50044,EE,Discogs|https://www.discogs.com/release/28090573-Siiri-Sisask-Ultima-Thule-Mis-Maa-See-On,1,MC
Hovery Covery,Originaal Vol.2,Gunnar Loho Music Management,1998,-,EE,Discogs|https://www.discogs.com/release/31031896-Hovery-Covery-Originaal-Vol2,1,MC
Kaschalot,Anemoia,Not On Label,2025,-,EE,NONE,1,MC
POLLU77E,Godspeed!,Trash Can Dance,2022,TCD360,EE,Discogs|https://www.discogs.com/release/22667111-POLLU77E-Godspeed,1,MC
Orchestra Of Objects,Live At The Garage Of Paavli Kultuurivabrik,Damn Loud,2025,-,EE,Discogs|https://www.discogs.com/release/35682064-Orchestra-Of-Objects-Live-At-The-Garage-Of-Paavli-Kultuurivabrik,1,MC
Erinevad Esitajad,TORM - Compilation Of Estonian Dungeon Synth And Dark Ambient,Trash Can Dance,2020,TCD263,EE,Discogs|https://www.discogs.com/release/15837108-Various-TORM-Compilation-Of-Estonian-Dungeon-Synth-And-Dark-Ambient,2,MC
Hayfield Tetragon,BOTLF Live 17.02.2018,Trash Can Dance,2026,TCD516,EE,Discogs|https://www.discogs.com/release/36836188-Hayfield-Tetragon-BOTLF-Live-17022018,3,MC
Skandale,Skandale,Trash Can Dance,2026,TCD507,EE,Discogs|https://www.discogs.com/release/37388454-Skandale-Skandale,1,MC
Vigri,Demo,Trash Can Dance,2026,TCD502,EE,Discogs|https://www.discogs.com/release/37419594-Vigri-Demo,1,MC
Childbeater,Slamdunk Knockout,Trash Can Dance,2026,TCD513,EE,Discogs|https://www.discogs.com/release/37419219-Childbeater-Slamdunk-Knockout,1,MC
Punane Magneet-Lõvi,Üliinimene,Trash Can Dance,2025,TCD242,EE,Discogs|https://www.discogs.com/release/33877671-Punane-Magneet-L%C3%B5vi-%C3%9Cliinimene,1,MC
Erinevad Esitajad,Ossom Mixtape 02 (mixtape by Rainer Nlv),Ossom Records,2026,OSSOM13MT03,EE,Discogs|https://www.discogs.com/release/37634754-Rainer-Nlv-Ossom-Mixtape-03,1,MC
Erinevad Esitajad,Punk Is Love,HBF Records,2021,PILMC161,EE,Discogs|https://www.discogs.com/release/18905143-Various-Punk-Is-Love,1,MC
Erinevad Esitajad,Mind Ei Kepi Autoriteet,Ülase 12,2018,-,EE,Discogs|https://www.discogs.com/release/12756222-Various-Mind-Ei-Kepi-Autoriteet,2,MC
"Põhjamaade hirm, Otto Suits",Elu Ja Surma Küsimus,Tuumapealik,2024,TUUMAPEALIK001,EE,Discogs|https://www.discogs.com/release/30811806-P%C3%B5hjamaade-hirm-Otto-Suits-Elu-Ja-Surma-K%C3%BCsimus,1,MC
Ivar Vinkel,Meri Panga panga all | The Sea Below The Cliff Of Panga,Not On Label,2000,-,EE,Discogs|https://www.discogs.com/release/14862265-Ivar-Vinkel-Meri-Panga-panga-all-The-Sea-Below-The-Cliff-Of-Panga,1,MC
Kiwanoid,Untitled The Enter,Glitch Please,2026,gl23tchc,EE,Discogs|https://www.discogs.com/release/37912272-Kiwanoid-Untitled-The-Enter-,1,MC
Crimedime,Psychedelics And Cults,Trash Can Dance,2022,TCD324,EE,Discogs|https://www.discogs.com/release/23226026-Crimedime-Psychedelics-And-Cults,1,MC
Bible Club,01:01,Trash Can Dance,2019,TCD225,EE,Discogs|https://www.discogs.com/release/14594885-Bible-Club-11,2,MC
The Belka,Teravamad Killud,Not On Label,2023,-,EE,Discogs|https://www.discogs.com/release/26963486-The-Belka-Teravamad-Killud,1,MC
Laurel 2,Xflies EP,Trash Can Dance,2022,TCD341,EE,Discogs|https://www.discogs.com/release/22679783-Laurel-2-Xflies-EP,1,MC
Junga,Snowblood,Trash Can Dance,2026,TCD501,EE,Discogs|https://www.discogs.com/release/36839092-Junga-Snowblood,2,MC
Junga,Natural Balance,Trash Can Dance,2026,TCD525,EE,Discogs|https://www.discogs.com/release/37839699-Junga-Natural-Balance,1,MC
Erinevad Esitajad,TEK DEF,Trash Can Dance,2026,TCD90 (rerelease),EE,Discogs|https://www.discogs.com/release/7584575-Various-Tek-Def,1,MC
Darkside,Spacestation - 10 Year Jubileum Edition,Trash Can Dance,2024,TCD672,EE,Discogs|https://www.discogs.com/release/32657388-Darkside-Spacestation-10-Year-Jubileum-Editionhttps:/www.discogs.com/release/32657388-Darkside-Spacestation-10-Year-Jubileum-Edition,2,MC
Erinevad Esitajad,TCD500,Trash Can Dance,2026,TCD500,EE,NONE,1,MC
Slowedchromechain,Crystal Quetzal,Trash Can Dance,2020,TCD267,EE,Discogs|https://www.discogs.com/release/16461180-SlowedChromeChain-Crystal-Quetzal,1,MC
Slowedchromechain,Forbidden Fragment,Trash Can Dance,2021,TCD290,EE,Discogs|https://www.discogs.com/release/17400097-SlowedChromeChain-Forbidden-Fragment,1,MC
Slowedchromechain,Aesthetic Pleasure,Trash Can Dance,2019,TCD133,EE,Discogs|https://www.discogs.com/release/14702797-SlowedChromeChain-Aesthetic-Pleasure,1,MC
Neiracoil,Project:Lyze,Trash Can Dance,2025,TCD451,EE,Discogs|https://www.discogs.com/release/34559935-Neiracoil-ProjectLyze-,1,MC
Uus Energia,Jäämäe Tipp / Peace And Love,I-FI RECORDS,2020,-,EE,Discogs|https://www.discogs.com/release/16183134-Uus-Energia-J%C3%A4%C3%A4m%C3%A4e-Tipp-Peace-And-Love,1,MC
Kurjam,miilits ja koer,Not On Label,2000,-,EE,Discogs|https://www.discogs.com/release/12156546-Kurjam-miilits-ja-koer,1,MC
Mike Emelai,Nerve,Aidem Pot,1997,POT MC 1042,EE,Discogs|https://www.discogs.com/release/6594589-Mike-Emelai-Nerve,1,MC
Erinevad Esitajad,Workin',Wix Records,1997,A 0003,EE,Discogs|https://www.discogs.com/release/131027-Various-Workin-,1,MC
Ivar Vinkel,Tormise Tuule Helinad / Chimes Of Stormy Wind,Not On Label,1999,I.V MC 2,EE,Discogs|https://www.discogs.com/release/30348137-Ivar-Vinkel-Tormise-Tuule-Helinad-Chimes-Of-Stormy-Wind,1,MC
Normaalne Seltskond,Kurat Ja Põrgu Ja Kiilakas Naine,F-Fond,1994,-,EE,Discogs|https://www.discogs.com/release/6729970-Normaalne-Seltskond-Kurat-Ja-P%C3%B5rgu-Ja-Kiilakas-Naine,1,MC
SS Robot,Maha Balti Parunid,Trash Can Dance,2019,TCD235,EE,Discogs|https://www.discogs.com/release/14468376-SS-Robot-Maha-Balti-Parunid,1,MC
SS Robot,Õnne Kõigile Tasuta,Trash Can Dance,2018,TCD133,EE,Discogs|https://www.discogs.com/release/11836423-SS-Robot-%C3%95nne-K%C3%B5igile-Tasuta-,1,MC
THX,New World Order,Pirate Boy,2023,PB11,EE,Discogs|https://www.discogs.com/release/27098022-THX-New-World-Order,1,MC
Tallinn Daggers,10 Demo,Trash Can Dance,2012,TCD16,EE,Discogs|https://www.discogs.com/release/3583748-Tallinn-Daggers-10-Demo,1,MC
Darkside,Tehted 1,Trash Can Dance,2020,TCD258,EE,Discogs|https://www.discogs.com/release/15207196-Darkside-Tehted-1,1,MC
Darkside,Tehted 2,Trash Can Dance,2020,TCD259,EE,Discogs|https://www.discogs.com/release/15207283-Darkside-Tehted-2,1,MC
Joel Tammik,Rand,Trash Can Dance,2021,TCD281,EE,Discogs|https://www.discogs.com/release/18642952-Joel-Tammik-Rand,1,MC
APJ,Kebura,Trash Can Dance,2026,TCD31,EE,NONE,1,MC
Erinevad Esitajad,Estcon 2012,Trash Can Dance,2019,TCD21,EE,Discogs|https://www.discogs.com/release/14468253-Various-Estcon-2012,1,MC
Tetragrammafon,Tetragrammafon,Trash Can Dance,2020,TCD268,EE,Discogs|http://www.discogs.com/release/16217909-Tetragrammafon-Tetragrammafon,1,MC
Rin La,Bliss,Trash Can Dance,2021,TCD53,EE,Discogs|https://www.discogs.com/release/17399131-Rin-La-Bliss,1,MC
"Centre Électronique Muusa, Ganj Wald",Centre Électronique Muusa Ja Ganj Wald,Trash Can Dance,2017,TCD150,EE,Discogs|https://www.discogs.com/release/10760141-Centre-%C3%89lectronique-Muusa-Ganj-Wald-Centre-%C3%89lectronique-Muusa-Ja-Ganj-Wald,1,MC
Outspiral,Avenmur,Trash Can Dance,2026,TCD538,EE,Discogs|https://www.discogs.com/release/37848441-OutSpiral-Avenmur,1,MC
Varjuline,Varjuline,Trash Can Dance,2021,TCD275,EE,Discogs|https://www.discogs.com/release/17007144-Varjuline-Varjuline,1,MC
Väike PD,Matusebüroo,Legendaarne Records,2021,LEGEND0041,EE,Discogs|https://www.discogs.com/release/18696715-V%C3%A4ike-PD-Matuseb%C3%BCroo,1,MC
Erinevad Esitajad,Suvehitt 95,Aidem Pot,1995,POT MC 1006,EE,Discogs|https://www.discogs.com/release/7087545-Various-Suvehitt-1995,1,MC
Erinevad Esitajad,Sügishitt 95,Aidem Pot,1995,POT MC 1007,EE,Discogs|https://www.discogs.com/release/6616054-Various-S%C3%BCgishitt-1995,1,MC
Erinevad Esitajad,Suvetop 97,AS HÜBRIID,1997,-,EE,Discogs|https://www.discogs.com/release/11518801-Various-Suvetop-97,1,MC
Erinevad Esitajad,Sügistop 97,AS HÜBRIID,1997,MCHÜB 002,EE,Discogs|https://www.discogs.com/release/28623841-Various-S%C3%BCgistop-97,1,MC
The Kitchen Brothers,Live @ HUNGR 06.03.2026,Trash Can Dance,2026,TCD509,EE,Discogs|https://www.discogs.com/release/37381482-The-Kitchen-Brothers-Live-HUNGR-06032026,1,MC
Metsüül,Alive,Trash Can Dance,2024,TCD446,EE,Discogs|https://www.discogs.com/release/32657259-Mets%C3%BC%C3%BCl-Alive,2,MC
Qaribou,Mu Korteris On Gaasileke,Trash Can Dance,2026,TCD506,EE,Discogs|https://www.discogs.com/release/37381194-Qaribou-Mu-Korteris-On-Gaasileke,2,MC
René Ufer,Pidu,Theka,1990,REK-8601,EE,Digar|https://www.digar.ee/arhiiv/et/raamatud/48067,1,MC
René Ufer,Pidu 2,Theka,1992,-,EE,Digar|https://www.digar.ee/arhiiv/nlib-digar:253020,1,MC
Leo Kikas,Mees Nagu Orkester,Not On Label,1998,-,EE,NONE,1,MC
Lobotoomia,Lobotoomia,Trash Can Dance,2026,TCD512,EE,Discogs|https://www.discogs.com/release/37419840-Lobotoomia-Lobotoomia,1,MC
Psychoterror,Mikrokosmos,Kaljukotkas,2002,KKMC 023,EE,Discogs|https://www.discogs.com/release/6819759-Psychoterror-Mikrokosmos,1,MC
Timo Petmanson,Voyage To Neptune,Trash Can Dance,2020,TCD222,EE,Discogs|https://www.discogs.com/release/15585455-Timo-Petmanson-Voyage-To-Neptune-,1,MC
Onu Bella,Ma võtsin viina,Valindo,1992,OB1,EE,Discogs|https://www.discogs.com/release/2665266-Onu-Bella-Ma-V%C3%B5tsin-Viina,1,MC
1111 / ┌ ∴༶༜࿀⊖࿀༜༶∴ ┐,Utoopia / Meditatsioon,Trash Can Dance,2025,TCD450,EE,Discogs|https://www.discogs.com/release/33878526-1111-3---Utoopia-Meditatsioon,2,MC
Perry And The Poor Boys,Poor Is Better,Forte,1991,FA 0011,EE,Discogs|https://www.discogs.com/release/7075058-Perry-And-The-Poor-Boys-Poor-Is-Better,1,MC
White Gloss,Toolbox EP,Trash Can Dance,2020,TCD241,EE,Discogs|https://www.discogs.com/release/15726489-White-Gloss-Toolbox-EP-,1,MC
Aare Ermus,"Kokkola festival ""Kohina"" 15.09.2017/ Helsingi festival ""experiMental"" 21.01.2017",Trash Can Dance,2026,TCD523,EE,NONE,1,MC
Vahukuhu,2026 EP,Trash Can Dance,2026,TCD542,EE,NONE,1,MC
Kättemaksucuntor,Eradicktetiivid,Trash Can Dance,2026,TCD526,EE,NONE,1,MC
dgr Dbblmn & Kuup,Live @ Kalana Sound 27.07.2018 ,Trash Can Dance,2026,TCD528,EE,NONE,1,MC
Onu Bella Paradiis,Bella M,Valindo,1993,OB2,EE,Discogs|https://www.discogs.com/release/2665218-Onu-Bella-Paradiis-Bella-M,1,MC
"Roomet Jakapi, Mihkel Kleis",Tkun Orha Pnul,;paranoia,2015,-,EE,Discogs|https://www.discogs.com/release/7842726-Roomet-Jakapi-Mihkel-Kleis-Tkun-Orha-Pnul,1,MC
Ringhold,Single Takes,Cruel Nature Records,2025,CN423,EE,Discogs|https://www.discogs.com/release/35993626-Ringhold-Single-Takes,1,MC
MIMprojekt,"IDAraadio live @ Kopli 2, 24.08.2018",Trash Can Dance,2022,TCD321,EE,Discogs|https://www.discogs.com/release/23224643-MIMProject-Live-Kopli2-24082018-IDAradio,1,MC
Segadus Saialilleseemnetepoes,Segadus Saialilleseemnetepoes,Not On Label,????,-,EE,Ester|htps://www.ester.ee/record=b1952835*est,1,MC
Dallas,Sleeper's Entertainer,Not On Label,1998,-,EE,Discogs|https://www.discogs.com/release/6108723-Dallas-Sleepers-Entertainer-,1,MC
Erinevad Esitajad,"Rahe - Eesti Värske Kidraaž, Rütmaaž Ja Müraaž",Trash Can Dance,2019,TCD213,EE,Discogs|https://www.discogs.com/release/13916261-Various-Rahe-Eesti-V%C3%A4rske-Kidraa%C5%BE-R%C3%BCtmaa%C5%BE-Ja-M%C3%BCraa%C5%BE,1,MC
Erinevad Esitajad,Sue Darling Is Back To Meet Forwards,Sally Cinnamon Music,1997,SAL006M.C.,EE,Discogs|https://www.discogs.com/release/3449383-Various-Sue-Darling-Is-Back-To-Meet-Forwards,1,MC
Erinevad Esitajad,Wavves From Tha RLV Vol.1,Lejal Genes,1996,ILLMC001,EE,Discogs|https://www.discogs.com/release/4889465-Various-Wavves-From-Tha-RLV-Vol1,2,MC
Gee,Metsas,Lejal Genes,2019,LJLGNS077MC,EE,Discogs|https://www.discogs.com/release/14389870-Gee-Metsas,1,MC
Out-Or,Let Leve,Lejal Globe,2018,LJLGLB016MC,EE,Discogs|https://www.discogs.com/release/12982170-Out-Or-Let-Leve,1,MC
Revolution J,Roosteliblikas,Not On Label,1996,-,EE,Discogs|https://www.discogs.com/release/1276078-Revolution-J-Roosteliblikas,1,MC
Hovery Covery,L'Ootus,Simakoff Production,2004,SIM4742115005094,EE,Discogs|https://www.discogs.com/release/17999491-Hovery-Covery-LOotus,1,MC
Claire's Birthday,Venus,Sonogram Music,2000,-,EE,Discogs|https://www.discogs.com/release/6980724-Claires-Birthday-Venus,1,MC
Out-Or,Structures,Lejal Globe,2018,LJLGLB020MC,EE,Discogs|https://www.discogs.com/release/12982141-Out-Or-Structures,1,MC
Jüri Rosenfeld,"Beatles Imitation. Fab Four, 4 Ever.",Tallinna Helikassetitehas,1990,21,EE,Discogs|https://www.discogs.com/release/16279736-J%C3%BCri-Rosenfeld-Beatles-Imitation-Fab-Four-4-Ever,1,MC
Unistaja,Taasesitus,Not On Label,2018,1,EE,Discogs|https://www.discogs.com/release/24675569-Unistaja-Taasesitus,1,MC
Unistaja,Võitlus,Not On Label,2020,-,EE,NONE,1,MC
Fuckin' Dream,Eesti Tantsuropp,Not On Label,????,-,EE,NONE,1,MC
Onu Bella,The Craziest Hits,Valindo,1993,OB3,EE,Discogs|https://www.discogs.com/release/2365826-Onu-Bella-The-Craziest-Hits,1,MC
Nikolajev,Sahtel (2015 - 2020),Hangman Satellite,2021,HMS007,UK,Discogs|https://www.discogs.com/release/17361094-Nikolajev-Sahtel-2015-2020,1,MC
Vennaskond,Vaenlane Ei Maga,Theka,1993,-,EE,Discogs|https://www.discogs.com/release/1293667-Vennaskond-Vaenlane-Ei-Maga,1,MC
Blacky,Blacky,MFM Records,2000,MFM59704MC,EE,Discogs|https://www.discogs.com/release/7782705-Blacky-Blacky,1,MC
Gatesleeper,8,Trash Can Dance,2021,TCD279,EE,Discogs|https://www.discogs.com/release/18427768-Gatesleeper-8,1,MC
Präänikud,Präänikud,Trash Can Dance,2026,TCD522,EE,NONE,1,MC
Narkhiil,Lord Ov Blood / The Great Pleasure Of Pain,Trash Can Dance,2021,TCD282,EE,Discogs|https://www.discogs.com/release/18642529-Narkhiil-Lord-Ov-Blood-The-Great-Pleasure-Of-Pain,1,MC
"Peeter Vähi, Meelis Kuusemets",Relaxātio,Tallinna Helikassetitehas,1990,22,EE,Discogs|https://www.discogs.com/release/7341999-Peeter-V%C3%A4hi-Meelis-Kuusemets-Relax%C4%81tio,3,MC
A-Fond,A-Fond,Kuldnokk,1990,-,EE,Discogs|https://www.discogs.com/release/12190552-A-Fond-A-Fond,1,MC
Tont,"Helikujundus Albert Gulgi näitusele ""Polaaröö""",Trash Can Dance,2026,TCD545,EE,NONE,1,MC
Endel Jõgi,Püha Öö (Synthesizer Christmas),Forte,1991,-,EE,Discogs|https://www.discogs.com/release/13079442-Endel-J%C3%B5gi-P%C3%BCha-%C3%96%C3%B6-Synthesizer-Christmas,1,MC
Bicep,Isles,Ninja Tune,2021,ZENCAS261,UK,Discogs|https://www.discogs.com/release/17047938-Bicep-Isles,1,MC
Randröövel,Randröövel,Trash Can Dance,2025,TCD454,EE,Discogs|https://www.discogs.com/release/33844005-Randr%C3%B6%C3%B6vel-Randr%C3%B6%C3%B6vel,1,MC
Skuuba,Rännumees,Trash Can Dance,2022,TCD370,EE,Discogs|https://www.discogs.com/release/24471347-Skuuba-R%C3%A4nnumees,1,MC
NM Barramundi,Madu,Ennekuulmatu Viha,2023,EKV21,EE,Discogs|https://www.discogs.com/release/28950334-NM-Barramundi-Madu,1,MC
Rin La,"I'm A Little Bit Of This, I'm A Little Bit Of That",Trash Can Dance,2015,TCD80,EE,Discogs|https://www.discogs.com/release/7011570-Rin-La-Im-A-Little-Bit-Of-This-Im-A-Little-Bit-Of-That,1,MC
Nice Try,Party Party,Theka,1992,-,EE,Discogs|https://www.discogs.com/release/6794925-Nice-Try-Party-Party,1,MC
Bläck Rokit,"Esimene Mees, Kes Ise Lendab Vol. 3",Kaljuste Music Group,1996,-,EE,Discogs|https://www.discogs.com/release/14656874-Bl%C3%A4ck-Rokit-Esimene-Mees-Kes-Ise-Lendab-Vol-3,2,MC
Richard Jerbach,Teine Maailm,Degenerate Underground,2025,DGUG#0007,EE,Discogs|https://www.discogs.com/release/35745190-Richard-Jerbach-Teine-Maailm,1,MC
Fumantum,Confession,Trash Can Dance,2024,TCD426,EE,Discogs|https://www.discogs.com/release/32657091-Fumantum-Confession,1,MC
Day Of The Triangle,Salvia Sundays / Chair Conspiracy,Trash Can Dance,2026,TCD89,EE,Discogs|https://www.discogs.com/release/36836278-Day-Of-The-Triangle-Salvia-Sundays-Chair-Conspiracy,1,MC
Bampersand,Intentionally International,Ennekuulmatu Viha,2024,EKV33,EE,Discogs|https://www.discogs.com/release/29618770-Bampersand-Intentionally-International,1,MC
Veritasu,Siit Tuleb Sõda,Trash Can Dance,2024,TCD445,EE,Discogs|https://www.discogs.com/release/32623896-Veritasu-Siit-Tuleb-S%C3%B5da,1,MC
Alex BeoWulf,Shadowww,Trash Can Dance,2024,TCD436,EE,Discogs|https://www.discogs.com/release/32657499-Alex-BeoWulf-Shadowww,1,MC
Taavi Tulev,Esinemine Portselanist Plaatidega,Trash Can Dance,2024,TCD424,EE,Discogs|https://www.discogs.com/release/30725522-Taavi-Tulev-Esinemine-Portselanist-Plaatidega,1,MC
Galaktlan Grupp,Live @ Von Krahl 15.11.2007,Trash Can Dance,2025,TCD447,EE,Discogs|https://www.discogs.com/release/33131550-Galaktlan-Grupp-Live-Von-Krahl-15112007,1,MC
Tont,Biomass,Trash Can Dance,2022,TCD377,EE,Discogs|https://www.discogs.com/release/24469172-Tont-Biomass,1,MC
Tont,Raudrohi,Trash Can Dance,2024,TCD423,EE,Discogs|https://www.discogs.com/release/31845281-Tont-Raudrohi,1,MC
Enditian,Sisse Piiratud,Trash Can Dance,2026,TCD520,EE,Discogs|https://www.discogs.com/release/36845002-Enditian-Sisse-Piiratud,1,MC
Micaramia,Mitte Üle Mõelda,Trash Can Dance,2017,TCD129,EE,Discogs|https://www.discogs.com/release/11104504-Micaramia-Mitte-%C3%9Cle-M%C3%B5elda,1,MC
Centralized Jermacore,Complete Noise,Ennekuulmatu Viha,2024,EKV31,EE,Discogs|https://www.discogs.com/release/29618500-Centralized-Jermacore-Complete-Noise-,1,MC
Erinevad Esitajad,Fatal Error (mixtape by Jean-Marc Dekesel),Mixtape On Tape,2022,-,EE,Discogs|https://www.discogs.com/release/25684843-Various-Fatal-Error,1,MC
Future Brain,Öö,Trash Can Dance,2023,TCD388,EE,Discogs|https://www.discogs.com/release/28478263-Future-Brain-%C3%96%C3%B6,1,MC
Erinevad Esitajad,Riivaja,Trash Can Dance,2015,TCD78,EE,Discogs|https://www.discogs.com/release/6889669-Various-Riivaja,1,MC
Cubitive,Hate & Agony EP,Trash Can Dance,2024,TCD456,EE,Discogs|https://www.discogs.com/release/31574008-Cubitive-Hate-Agony-EP-,1,MC
Marmormaze,All Plugs Go To Heaven,Trash Can Dance,2021,TCD297,EE,Discogs|https://www.discogs.com/release/19127239-Marmormaze-All-Plugs-Go-To-Heaven,1,MC
Erinevad Esitajad,Play Me,BG Muusik,1997,BGMC030,EE,Discogs|https://www.discogs.com/release/11674614-Various-Play-Me,1,MC
N-Euro,Hei-Hoo,Gunnar Loho Music Management,1999,-,EE,NONE,1,MC
Kärt Tomingas,Korallid,Theka,1992,-,EE,Discogs|https://www.discogs.com/release/33028422-K%C3%A4rt-Tomingas-Korallid,1,MC
Tallinna Adventkiriku Ansambel,Puhkes Uus Hommik!,Not On Label,????,-,EE,NONE,1,MC
Erinevad Esitajad,Suvine Feeling 2,BooM Productions,1998,BooMMC 004,EE,Discogs|https://www.discogs.com/release/11674594-Various-Suvine-Feeling-2,1,MC
Rullnokad,Aasta Pidu,Records 2000,2002,-,EE,NONE,1,MC
Erinevad Esitajad,Lihahimu,Aidem Pot,????,POT MC 1023,EE,NONE,1,MC
Talong,Läbi Aegade,Kuldnokk,1990,-,EE,Discogs|https://www.discogs.com/release/3083721-Talong-L%C3%A4bi-Aegade,1,MC
Erinevad Esitajad,JAH!show laulud,Not On Label,1995,-,EE,Discogs|https://www.discogs.com/release/18464827-Various-JAHshow-laulud,1,MC
Erinevad Esitajad,Entel-Tenteli Parimad Laulud,Eesti TV,1998,-,EE,Discogs|https://www.discogs.com/release/12042418-Various-Entel-Tenteli-Parimad-Laulud,1,MC
Erinevad Esitajad,Sue Darling: A Compilation Of Estonian Underground,Sally Cinnamon Music,1993,SAL 001 M.C.,EE,Discogs|https://www.discogs.com/release/2396971-Various-Sue-Darling-A-Compilation-Of-Estonian-Underground,1,MC
Tiiu,Magusad Huuled,O.K. Records,1995,OKRMC 005,EE,Discogs|https://www.discogs.com/release/6553499-Tiiu-Magusad-Huuled,1,MC
Shelton San,EP II Remixes,Trash Can Dance,2023,TCD382,EE,Discogs|https://www.discogs.com/release/26698985-Shelton-San-EP-II-Remixes,2,MC
X-Plode,One,Not On Label,1997,-,EE,Discogs|https://www.discogs.com/release/6598535-X-Plode-One,1,MC
Vanemõde,Piip-Piip-Piiiiip,Kuldnokk,1989,-,EE,Discogs|https://www.discogs.com/release/6542636-Vanem%C3%B5de-Piip-Piip-Piiiiip,1,MC
DJ Tuleva Työtön & Ystävät,Paluumatka,Floating Recordings,2019,FR 057,FI,Discogs|https://www.discogs.com/release/14634601-DJ-Tuleva-Ty%C3%B6t%C3%B6n-Yst%C3%A4v%C3%A4t-Paluumatka,1,MC
Kaido Kirikmäe,Lintprii,Not On Label,2007,-,EE,Discogs|https://www.discogs.com/release/7844586-Kaido-Kirikm%C3%A4e-Lintprii,1,MC
Cubitive,Deconstructed,Trash Can Dance,2024,TCD459,EE,Discogs|https://www.discogs.com/release/31573933-Cubitive-Deconstructed-,1,MC
Kosmos/Psüühe,Kosmos/Psüühe,Trash Can Dance,2026,TCD486,EE,Discogs|https://www.discogs.com/release/36828178-KosmosPs%C3%BC%C3%BChe-KosmosPs%C3%BC%C3%BChe,1,MC
Richard Jerbach,Kuidas Lõppeb Maailm?,Degenerate Underground,2023,DGUG#0005,EE,Discogs|https://www.discogs.com/release/35745397-Richard-Jerbach-Kuidas-L%C3%B5ppeb-Maailm,1,MC
2 Quick Start,2 Quick Start,Sounder Plk,1994,-,EE,Discogs|https://www.discogs.com/release/6617119-2-Quick-Start-2-Quick-Start,1,MC
Elis-Erika Maasi,Ultralife,Not On Label,2024,-,EE,Discogs|https://www.discogs.com/release/31644193-Elis-Erika-Maasi-Ultralife,1,MC
Aigar Vals,End Game,Trash Can Dance,2018,TCD193,EE,Discogs|https://www.discogs.com/release/12531796-Aigar-Vals-End-Game,1,MC
Data,Kõik Läheb Mööda,Kuldnokk,1990,-,EE,Discogs|https://www.discogs.com/release/7849831-Data-K%C3%B5ik-L%C3%A4heb-M%C3%B6%C3%B6da,1,MC
Sõnajalg,Jumal on mu jõud,Sonajalg Music Productions,1991,SC-04,EE,Discogs|https://www.discogs.com/release/10618608-S%C3%B5najalg-Jumal-on-mu-j%C3%B5ud,2,MC
Kurekell,"Jõulurahu ""Kurekellalt""",Kuldnokk,1990,-,EE,Discogs|https://www.discogs.com/release/13298093-Kurekell-J%C3%B5ulurahu-Kurekellalt,1,MC
"ERSO / puhkpilliorkester ""Tallinn""","Eesti Rahvushümn / Mu Isamaa, Mu Õnn ja Rõõm",Eesti Vabariigi Kultuuriministeerium,????,-,EE,NONE,1,MC
René Ufer,Rändur,Theka / Rekalla,1992,REK 9181,EE,Discogs|https://www.discogs.com/release/36200098-Rene-Ufer-Randur,1,MC
Lu:K,Dreams In Drums,Kosmos Control,1996,KC 005,EE,Discogs|https://www.discogs.com/release/14956-Luk-Dreams-In-Drums,1,MC
René Ufer,Pidu,Theka / Rekalla,1990,-,EE,Nlib|https://nlib-ee-primo-sb.hosted.exlibrisgroup.com/permalink/f/1g6crv2/372NLE_REPOX209092,1,MC
René Ufer,Tagasi Tallinnas,Theka,1992,-,EE,Nlib|https://nlib-ee-primo-sb.hosted.exlibrisgroup.com/permalink/f/1g6crv2/372NLE_REPOX209083,1,MC
Liilia Kotkas,Liilia Kotkas,Eesti Autorite Ühing,1998,-,EE,Discogs|https://www.discogs.com/release/10960028-Liilia-Kotkas-Liilia-Kotkas,1,MC
Liilia & Rein Kotkas,Liilia & Rein Kotkas,Not On Label,1998,-,EE,Digar|https://www.digar.ee/arhiiv/en/perioodika/23344,1,MC
Kaja II,Tule Tantsi,Not On Label,1984,-,EE,Discogs|https://www.discogs.com/release/16107048-Kaja-Tule-Tantsi,1,MC
Erinevad Esitajad,Eesti Pop VI,Tallinna Helikassetitehas,1986,1510,EE,Discogs|https://www.discogs.com/release/9697288-Various-Eesti-Pop-VI,1,MC
ⓀＩŴａＮ𝐎𝓲Ď,Vanatühi,Trash Can Dance,2024,TCD441,EE,Discogs|https://www.discogs.com/release/30816483-%EF%BC%A9%C5%B4%EF%BD%81%EF%BC%AE%F0%9D%90%8E%F0%9D%93%B2%C4%8E-Vanat%C3%BChi,1,MC
Mario Kivistik,Ööjutud 1,Buschmann & Ko,1997,BKMC006,EE,Discogs|https://www.discogs.com/release/8890024-Mario-Kivistik-%C3%96%C3%B6jutud-I,1,MC
Kuldne Trio,15,Kuldnokk,1988,-,EE,Discogs|https://www.discogs.com/release/13293627-Kuldne-Trio-15,1,MC
Raivo Järvi,Onu Raivo Päkapikujutud,Aidem Pot,1996,POT MC 1028,EE,Discogs|https://www.discogs.com/release/20611507-Raivo-J%C3%A4rvi-Onu-Raivo-P%C3%A4kapikujutud,1,MC
"Joel Steinfeldt, Prohvet","Joel & ""Prohvet""",Kuldnokk,1989,-,EE,Discogs|https://www.discogs.com/release/7232087-Joel-Steinfeldt-Prohvet-Joel-Prohvet,1,MC
Mr. Lawrence,Mr. Lawrence,Top Media,1993,TMC-1,EE,Discogs|https://www.discogs.com/release/4468600-Mr-Lawrence-Mr-Lawrence,1,MC
Erinevad Esitajad,Floating Recordings Part. 1,Floating Recordings,2015,FR 020,FI,Discogs|https://www.discogs.com/release/7299098-Various-Floating-Recordings-Part-1,1,MC
Sai Kuule,Signal Test,Trash Can Dance,2021,TCD327,EE,Discogs|https://www.discogs.com/release/21223702-Sai-Kuule-Signal-Test,1,MC
Gy3,94/95 Demo Beats,Trash Can Dance,2018,TCD179,EE,Discogs|https://www.discogs.com/release/11768264-Gy3-9495-Demo-Beats,1,MC
DJ Tuleva Työtön,Silence Is Important,Not On Label,2013,-,EE,Discogs|https://www.discogs.com/release/4678749-DJ-Tuleva-Ty%C3%B6t%C3%B6n-Silence-Is-Important,1,MC
Erinevad Esitajad,Linear Movement,Mixtape On Tape,2022,-,EE,Discogs|https://www.discogs.com/release/25696150-Various-Linear-Movement-,1,MC
Erinevad Esitajad,Tuul,Trash Can Dance,2025,TCD479,EE,Discogs|https://www.discogs.com/release/34496140-Various-Tuul,1,MC
Shelton San,Wilderness Follows,Degenerate Underground,2025,-,EE,Discogs|https://www.discogs.com/release/35775976-Shelton-San-Wilderness-Follows,1,MC
Träsh,Träsh,Trash Can Dance,2024,TCD420,EE,Discogs|https://www.discogs.com/release/29769151-Tr%C3%A4sh-Tr%C3%A4sh,1,MC
Moondur,"Moondur @ Dreamscape, Paavli 10.02.2024",Trash Can Dance,2025,TCD461,EE,Discogs|https://www.discogs.com/release/33878268-Moondur-Moondur-Dreamscape-Paavli-10022024,1,MC
Erinevad Esitajad,TCD100,Trash Can Dance,2016,TCD100,EE,Discogs|https://www.discogs.com/release/9547768-Various-TCD100,1,MC
Kaido Kirikmäe,"428, 899 CE",Ambifunk,2023,9,EE,Discogs|https://www.discogs.com/release/28466662-Kaido-Kirikm%C3%A4e-428-899-CE,1,MC
Erinevad Esitajad,This Is Not Jazz,Mixtape On Tape,2022,-,EE,Discogs|https://www.discogs.com/release/25696528-Various-This-Is-Not-Jazz,1,MC
Erinevad Esitajad,America Remembers,Mixtape On Tape,2018,-,EE,Discogs|https://www.discogs.com/release/11411972-Various-America-Remembers,1,MC
Erinevad Esitajad,Rapid Electro Waves,Mixtape On Tape,2022,-,EE,Discogs|https://www.discogs.com/release/25695616-Various-Rapid-Electro-Waves,1,MC
Erinevad Esitajad,Beyond The Five Second Cueing Line,Mixtape On Tape,2022,-,EE,Discogs|https://www.discogs.com/release/25697029-Various-Beyond-The-Five-Second-Cueing-Line-,1,MC
Laurel 2,Brazil,Trash Can Dance,2024,TCD462,EE,Discogs|https://www.discogs.com/release/31573033-Laurel-2-Brazil,1,MC
Kiwanoid,Electriss,Trash Can Dance,2025,TCD453,EE,Discogs|https://www.discogs.com/release/33879615-Kiwanoid-Electriss,1,MC
Junga,Selva / Folium,Trash Can Dance,2025,TCD455,EE,Discogs|https://www.discogs.com/release/34490437-Junga-Selva-Folium,1,MC
Junga,Portaal,Trash Can Dance,2024,TCD424,EE,Discogs|https://www.discogs.com/release/31857752-Junga-Portaal,1,MC
NM Barramundi,Mehaanika,Trash Can Dance,2025,TCD443,EE,Discogs|https://www.discogs.com/release/33879219-NM-Barramundi-Mehaanika,1,MC
Slowedchromechain,Little Garden,Trash Can Dance,2022,TCD329,EE,Discogs|https://www.discogs.com/release/22114615-SlowedChromeChain-Little-Garden,1,MC
Slowedchromechain,n e w a l a n d夢夢夢,Trash Can Dance,2025,TCD194,EE,Discogs|https://www.discogs.com/release/33146022-SlowedChromeChain-n-e-w-a-l-a-n-d%E5%A4%A2%E5%A4%A2%E5%A4%A2,1,MC
1695,Vana Maa,Trash Can Dance,2025,TCD452,EE,Discogs|https://www.discogs.com/release/33140097-1695-Vana-Maa,1,MC
Autharktos,Live @ Kultuuritehas Polymer 09.10.2004,Trash Can Dance,2024,TCD442,EE,Discogs|https://www.discogs.com/release/32647938-Autharktos-Live-Kultuuritehas-Polymer-09102004,1,MC
Ranon,Africa Edits,Trash Can Dance,2025,TCD84,EE,Discogs|https://www.discogs.com/release/33877365-Ranon-Africa-Edits,1,MC
C.C.,Siin Olema Peab,Degenerate Underground,2025,DGUG17,EE,Discogs|https://www.discogs.com/release/36101095-CC-Siin-Olema-Peab,1,MC
Keskkool,Palja Silmaga Nähtav,Beyond Tartu,2025,11,EE,Discogs|https://www.discogs.com/release/33323448-Keskkool-Palja-Silmaga-N%C3%A4htav,1,MC
Kärt Tomingas,Sinine Kivi,Eesti Raadio,2023,-,EE,Discogs|https://www.discogs.com/release/13543436-K%C3%A4rt-Tomingas-Sinine-Kivi,1,MC
Jüri Lina,Päevaunelm,Forte,1995,FD 0082,EE,Discogs|https://www.discogs.com/release/6129243-J%C3%BCri-Lina-P%C3%A4evaunelm,1,MC
Erinevad Esitajad,Horoskoobi laulud,Salu Muusik,1993,7,EE,Discogs|https://www.discogs.com/release/9492044-Various-Horoskoobi-laulud,1,MC
Fix,"Ансамбль ""Фикс""",Мелодия,1979,СМ00780,EE,Discogs|https://www.discogs.com/release/16260756-Fix-Fix-%D0%90%D0%BD%D1%81%D0%B0%D0%BC%D0%B1%D0%BB%D1%8C-%D0%A4%D0%B8%D0%BA%D1%81,1,MC
Erinevad Esitajad,Eesti Superhitt 3,Aidem Pot,1998,POT MC 1052,EE,Discogs|https://www.discogs.com/release/11674763-Various-Eesti-Superhitt-3,1,MC
Erinevad Esitajad,Jõulukantri,Auvi,1991,19,EE,Discogs|https://www.discogs.com/release/9572211-Various-J%C3%B5ulukantri,1,MC
Erinevad Esitajad,Jõulupalavik,O.K. Records,1995,OKRMC 009,EE,Discogs|https://www.discogs.com/release/16250681-Various-J%C3%B5ulupalavik,1,MC
Singer Vinger,Reanimatsioon,Aidem Pot,1995,POT MC 1002,EE,Discogs|https://www.discogs.com/release/2084732-Singer-Vinger-Reanimatsioon,1,MC
Exit,Someday,Records 2000,2002,REC 0069.4,EE,Discogs|https://www.discogs.com/release/7344702-Exit-Someday,1,MC
Katrin Karisma,Pipi Pikksukk Segasumma Suvilast,Sisask & Silla OÜ,2001,S&S-MC003,EE,Discogs|https://www.discogs.com/release/13917940-Katrin-Karisma-Pipi-Pikksukk-Segasumma-Suvilast,1,MC
Virve Osila,Päikeseõied Mälestuste Tuules,Not On Label,????,-,EE,NONE,1,MC
Monika,Lietaus Kelias,M.E.G.A. Records,1995,64,LT,Discogs|https://www.discogs.com/release/3616821-Monika-Lietaus-Kelias,1,MC
Pietari & Kohtalon Kauppiaat,Paratiisi Odottaa,Helmi Levyt,2013,Helmi067,FI,Discogs|https://www.discogs.com/release/4916282-Pietari-Kohtalon-Kauppiaat-Paratiisi-Odottaa,1,MC
Nolls,Devils Tower,Lucked Out Tapes,2018,LOT004,FI,Discogs|https://www.discogs.com/release/13379459-Nolls-Devils-Tower,1,MC
Sylvi / Johanna Häläri,Konerakastaja / Seikkailijat,Freak Out Disko,2017,FOD 005,FI,Discogs|https://www.discogs.com/release/11009061,2,"7"""
Misha Panfilov Sound Combo,Bufo Bufo,Fnr,2018,FNR-092,US,Discogs|https://www.discogs.com/master/3097941,1,"7"""
Leikki,Hõõguvad Kui Söed,Aina Lomalla,2015,AILO 001,EE,Discogs|https://www.discogs.com/release/6815123-Leikki-H%C3%B5%C3%B5guvad-Kui-S%C3%B6ed,2,"7"""
Uus Energia,Austa Kosmost / Dub For Universe,I-FI RECORDS,2019,IR002,EE,Discogs|https://www.discogs.com/release/13545703,1,"7"""
Uku Kuut / Vaiko Eplik,Don't Say Goodbye / Grand Hotel Bruxelles,Mortimer Snerd,2015,MS025,EE,Discogs|https://www.discogs.com/release/7837052,1,"7"""
Velly Joonas,"Stopp, Seisku Aeg!",Frotee,2015,FRO007,EE,Discogs|https://www.discogs.com/release/7280700,3,"7"""
ÖÄK,ÖÄK,Zerga,2004,ZR-21,FI,Discogs|https://www.discogs.com/release/1532380,1,"7"""
Marco Tasane,Jumalanna,Moritz Records,2026,MOR002,EE,Discogs|https://www.discogs.com/release/37974828,1,"7"""
Nikolajev,Lego Dub / Tongue Double,Sad Fun,2024,SADFUN007,EE,Discogs|https://www.discogs.com/release/31266641,1,"7"""
Vana,Viimne Ratsu,Sad Fun,2023,SADFUN006,EE,Discogs|https://www.discogs.com/release/29211151,1,"7"""
Poolring,Døjø,Not On Label,2025,-,EE,Discogs|https://www.discogs.com/release/33089178,1,"7"""
Ajukaja,Sunda School IV,Porridge Bullet / Pudru Kuul,2026,PB038,EE,Discogs|https://www.discogs.com/release/36269131,1,"7"""
Janek Murd,Muusika Kuuldemängule Üks Päev Mati Alaveri Elus,Levila,2020,-,EE,Discogs|https://www.discogs.com/release/36994521,1,"7"""
Nikolajev,Dub Mullets,Sad Fun,2021,SADFUN003,EE,Discogs|https://www.discogs.com/release/20689828,1,"7"""
Stella / Chalice,First Kiss / Teise Planeedi Saladus,Umblu,2007,lusev1,EE,Discogs|https://www.discogs.com/release/989101,1,"7"""
Melike,Loverboy,MDM Records,1989,A89-001,US,Discogs|https://www.discogs.com/release/3706912,1,"7"""
Holy Motors,"Heavenly Creatures B/W Running Water 7"" ",Wharf Cat Records,2015,WCR 037,US,Discogs|https://www.discogs.com/release/7578652,1,"7"""
"Heidy Tamme, Tiit Paulus",Suvi,Frotee,2015,FRO006,EE,Discogs|https://www.discogs.com/release/7295688,1,"7"""
Röövel Ööbik,History Of The U.S.S.R. -EP,Stupido Twins,1989,STUPIDO 003,FI,Discogs|https://www.discogs.com/release/619446,1,"7"""
Lobsand Dorje,You Take This Woman,Kosmos Control,1994,-,EE,Discogs|https://www.discogs.com/release/1294975,1,"7"""
Roma Vjazemski,Waiting For Her To Get Ready / Sammal,Muscut,2023,Muscut29,UA,Discogs|https://www.discogs.com/release/28681876,1,"7"""
Avo & The Cados,Otse / Seiklema,Estonian Voice,1985,S32,SE,Discogs|https://www.discogs.com/release/4082905,1,"7"""
Tõnu & Raivo,Kahe Mehe Band,Raivo & Tõnu Co,1980,RTS-80,SE,Discogs|https://www.discogs.com/release/4482863,1,"7"""
Lost Harbours,Autumn Return / Within,Stone Tape Recordings,2015,YML003,UK,Discogs|https://www.discogs.com/release/6292083,1,"7"""
Röövel Ööbik,Mamma Mia,Stupido Twins,1990,Stupido 008,FI,Discogs|https://www.discogs.com/release/761621,1,"7"""
Ultravox,Love's Great Adventure,Chrysalis,1984,106 914,DE,Discogs|https://www.discogs.com/release/471280,1,"7"""
Jaak Joala & Radar,Jaak Joala & Radar,Мелодия,1982,С62-16597-8,EE,Discogs|https://www.discogs.com/release/2058214,1,"7"""
Erinevad Esitajad,Laule Ehitajatest = Песни О Строителях,Мелодия,1979,М62-41773-4,EE,Discogs|https://www.discogs.com/release/7660301,1,"7"""
Limahl,The NeverEnding Story,EMI,1984,1A 006-20 0286 7,EU,Discogs|https://www.discogs.com/release/208759,1,"7"""
Anna Kashfi,Lakeside Call,Stolenwine Records,2004,STOLEN 004,UK,Discogs|https://www.discogs.com/release/2445521,1,"7"""
Huiabella Fantastica,Huiabella Show,HBF Records,2019,-,EE,Discogs|https://www.discogs.com/release/14462496,1,"7"""
Sotavamma,Stressiyhteiskunta,Not On Label,2013,-,FI,Discogs|https://www.discogs.com/release/5340059,1,"7"""
Kylmä Sota / Rajoitus,Kylmä Sota Rajoitus Split Ep,Svart Records,2013,SVR223,FI,Discogs|https://www.discogs.com/release/5129974,1,"7"""
Cola Boys,Cola Boys,Fuck CD's,2014,FCK-022,FI,Discogs|https://www.discogs.com/release/6174891,1,"7"""
Nerves,Your Love / Lampaana,Not On Label,1990,NERVES-89,FI,Discogs|https://www.discogs.com/release/8489655,1,"7"""
Arkhamin Kirjasto,Arkhamin Kirjasto,Full Contact Records / Solina Records,2010,KRYPT-007 / SOL-013,FI,Discogs|https://www.discogs.com/release/2598503,1,"7"""
Seksihullut / Pekka Mutanen,Seksihullut / Pekka Mutanen,Fuck CD's,2015,FCK-031,FI,Discogs|https://www.discogs.com/release/6708706,1,"7"""
Kivesveto Go Go,Ei Kiinnosta Metriäkään,Blast Of Silence Records,2020,BLAST055,FI,Discogs|https://www.discogs.com/release/14879790,1,"7"""
Palace Beautiful,Little John,Bad Hair Life Records,2013,BHL-13,FI,Discogs|https://www.discogs.com/release/5491737,1,"7"""
WINO-KE7,WINO-KE7,Wah Wah Wino,2025,WINO-KE7,IE,Discogs|https://www.discogs.com/release/34286098,1,"7"""
Darkside,"Live @ Vilsandi Trance, Kullaaugu & Erica Synths Garage",Trash Can Dance,2023,TCD410,EE,Discogs|https://www.discogs.com/release/29865727,1,MC
Miluška Voborníková,"Já Nosím Vodu Pouštím / Spinkej, Děťátko Malý",Supraphon,1972,0 43 1434,CZ,Discogs|https://www.discogs.com/release/9293101,1,"7"""
Tina Charles,I Love To Love,CBS,1976,CBS 3937,EU,Discogs|https://www.discogs.com/release/826428,1,"7"""
Mahavok,Üksik Hääl,Мелодия,1984,С62 20095 008,EE,Discogs|https://www.discogs.com/release/4299287,1,"7"""
Marju Länik,Поет Марью Ляник,Мелодия,1985,С62 20653 000,EE,Discogs|https://www.discogs.com/release/11287872,1,"7"""
Quick Lipps,Walking In The Night / Late Confessions,Gold Disc,1982,GDS 294,FI,Discogs|https://www.discogs.com/release/2767976,1,"7"""
Space,Пристегните Ремни,Мелодия,1984,С62 19823 006,SU,Discogs|https://www.discogs.com/release/7413556,1,"7"""
Amanda Lear,Реклама Вокруг Нас,Мелодия,1983,C62 20397 009,SU,Discogs|https://www.discogs.com/release/662776,1,"7"""
Erinevad Esitajad,Lastelaulud: 2. Kevad- Ja Suvelaulud,Merit Records,1966,7 LP-72,CA,Discogs|https://www.discogs.com/release/4687636,1,"7"""
Ирина И Елена Базыкины,Чайка Над Волной,Мелодия,1988,С62 26355 006,SU,Discogs|https://www.discogs.com/release/4205032,1,"7"""
Eno Raud,Kuidas Peab Hüüdma,Мелодия,1978,М52 39465-6,EE,Discogs|https://www.discogs.com/release/12075060,1,"7"""
Ajukaja & Mart Avi,Death Of Music,Porridge Bullet / Pudru Kuul,2026,PB037,EE,Discogs|https://www.discogs.com/release/36534235,1,"2x12"""
Exit Safe Mode,Immerse,Exit Safe Mode,2018,exitsafemode2,EE,Discogs|https://www.discogs.com/release/11800650,1,"12"""
Kosmos & Dew8,Viimaste Asjade Teadus,Dieu Huit Records,2026,DIEU0015,EE,NONE,1,"12"""
Ajukaja & Ats,Signal EP,MIDA,2021,Mida02,EE,Discogs|https://www.discogs.com/release/18028468,1,"12"""
Ali Asker,Papaver Somniferum Ep,LIITHELI,2016,LIIT001,EE,Discogs|https://www.discogs.com/release/9143122,1,"12"""
N1MA,Ajam Ep,LIITHELI,2017,LIIT002,EE,Discogs|https://www.discogs.com/release/10067651,1,"12"""
Olga ,Krakow Horse Racing,LIITHELI,2020,LIIT005,EE,Discogs|https://www.discogs.com/release/15995563,1,"12"""
Kadajane,Rostok,Päästevest,2018,PÄ03,EE,Discogs|https://www.discogs.com/release/13060353,1,"12"""
Lu:k,Lu:k,Memme Vaev,2025,MMV003,EE,Discogs|https://www.discogs.com/release/34056100,1,"12"""
Day Of The Triangle,Udulaamad,Not On Label,2025,-,EE,Discogs|https://www.discogs.com/release/34944752,1,"12"""
Rhythm Doctor,Digital Juju,Almost Unknown,2024,AU03,EE,Discogs|https://www.discogs.com/release/32406294,1,"12"""
Jakob Juhkam,hh,Mortimer Snerd,2016,MS026,EE,Discogs|https://www.discogs.com/release/8118135,1,"12"""
Apparatus&Apparata,Miss Apparata ,SELJAAJU,2024,AJU24LP,EE,NONE,1,"12"""
OUU,Värvides,Kurvad Uudised,2024,KULP005,EE,Discogs|https://www.discogs.com/release/32129808,1,"12"""
Egobomber,Suncruiser X,Laks Recordings,2023,LAKS 073,EE,Discogs|https://www.discogs.com/release/27520704,1,"12"""
Indrek Spungin,Lahtise Peaga Ahvinäoga Poiss,Mortimer Snerd,2016,MS027,EE,Discogs|https://www.discogs.com/release/9033580,1,"12"""
Enaune,Cycle du Petit Prince de Saint​-​Exupéry,Brutaż,2020,BrutażLP-002,PL,Discogs|https://www.discogs.com/release/15792075,2,"2x12"""
Pia Fraus,Now You Know It Still Feels The Same,SekSound,2021,SEKS077LP,EE,Discogs|https://www.discogs.com/release/21789778,1,"12"""
Taevalaotus & Joel Tammik,Sfäärid,Taevas Records,2022,TAEVA001,EE,Discogs|https://www.discogs.com/release/25510300,1,"12"""
Lsteelo,Tallinna Kõrgeimal Mäel LP,Priisle Records,2020,LST001LP,EE,Discogs|https://www.discogs.com/release/15608013,1,"12"""
Boipepperoni,QQNDQLT,Kurvad Uudised,2023,KULP001,EE,Discogs|https://www.discogs.com/release/29230135,1,"12"""
Out-Or,Spektrum,Lejal Globe,2023,LJLGLB024LP,EE,Discogs|https://www.discogs.com/release/28609171,1,"12"""
Kaido Kirikmäe,Rawberry X-Files,Ambifunk,2018,AF005,EE,Discogs|https://www.discogs.com/release/12531588,1,"12"""
Olev Muska,"Laulik-Elektroonik - Explorations in Estonian Electronic Folk Music - The First Years, 1979-1983",Frotee,2018,FRO010,EE,Discogs|https://www.discogs.com/release/12425304,2,"12"""
Kirtana Rasa,Õhtu Viimased Read (Tunnetel On Kõla Remix),Emerald City,2010,EMC 12001,EE,Discogs|https://www.discogs.com/release/2605750,1,"12"""
Vul Vulpes,Fusion Of Horizons,Vul Vulpes,2016,VV001,EE,Discogs|https://www.discogs.com/release/9049535,1,"12"""
Hypnosaurus,Untitled,Porridge Bullet / Pudru Kuul,2013,PB006,EE,Discogs|https://www.discogs.com/release/4833585,1,"12"""
Neuronphase,Lon,Porridge Bullet / Pudru Kuul,2021,PB029,EE,Discogs|https://www.discogs.com/release/21203554,1,"12"""
Nikolajev,Retta,Päästevest,2018,PÄ02,EE,Discogs|https://www.discogs.com/release/11774741,1,"12"""
Fruit Express,No Secret EP,Sad Fun,2023,SADFUN005,EE,Discogs|https://www.discogs.com/release/27110256,1,"12"""
LFO Tolstoi,Leotis,Nohu Records,2018,NOHU001,EE,Discogs|https://www.discogs.com/release/11098668,1,"12"""
Dima Disk,Pahakas,Surve Records,2023,SURVE001,EE,Discogs|https://www.discogs.com/release/27034392,1,"12"""
Erinevad Esitajad,Anima POP – Music From Estonian Animations 1965-1986,Raadio Kohila Records,2023,RKOH003,EE,Discogs|https://www.discogs.com/release/28406314,1,"12"""
Erinevad Esitajad,Muscut x Mida: Volia x Rahu,Muscut / Mida,2023,Muscut 31 / Mida 010,EE,Discogs|https://www.discogs.com/release/28577869,1,"12"""
"Dew8, Mesabby",Matador,Dieu Huit Records,2024,DIEU011,EE,Discogs|https://www.discogs.com/release/31611682,1,"12"""
Röövel Ööbik,Transcent,Umblu,2024,BLU005,EE,Discogs|https://www.discogs.com/release/30657118,1,"12"""
Out-Or,Spektrum,Lejal Globe,2023,LJLGLB024LP,EE,Discogs|https://www.discogs.com/release/28609126,1,"12"""
"Wolfredt, Vanalinna Hariduskolleegiumi Keelpilliorkester",Live At The Estonian Public Broadcasting Radio Studio,Moment Of Collapse Records,2024,MOC205,DE,Discogs|https://www.discogs.com/release/29937817,1,"12"""
"Genka, Dew8",Doom,Legendaarne Records,2023,LEGEND0046,EE,Discogs|https://www.discogs.com/release/30849924,1,"12"""
Dew8,Uroboros Kaheksas,Dieu Huit Records /Legendaarne Records,2022,DIEU008 / LEGEND0044,EE,Discogs|https://www.discogs.com/release/24187907,2,"12"""
Miwon / ST8,Hendrix EP,Kohvirecords,2002,KREC EP 007,EE,Discogs|https://www.discogs.com/release/167047,1,"12"""
Paf,Only Our Cars,Kohvirecords,2004,kohvi 009,EE,Discogs|https://www.discogs.com/release/247166,2,"12"""
Barbariz,Dehemardik Datis,Kohvirecords,2002,krec008,EE,Discogs|https://www.discogs.com/release/284667,1,"12"""
Pastacas,Dehemardik Datis,Kohvirecords,2002,krec008,EE,NONE,1,"12"""
6 Legz,Only U/Scratch One's Head,6 Legz Productions,2022,#0001,EE,Discogs|https://www.discogs.com/release/26625461,1,"12"""
Id_Rev,Sina Ei,Mumm Records,2021,MUMM-19,EE,Discogs|https://www.discogs.com/release/21373414,1,"12"""
René Ufer,Tule Tagasi,Rekalla Records,1972,LP-1073,US,Discogs|https://www.discogs.com/release/7079734,1,"12"""
René Ufer,Peegeldusi,Reindeer Records,1972,LP 7201,CA,Discogs|https://www.discogs.com/release/10841800,1,"12"""
Hamiltoni Helletajad,Südasuvi,Not On Label,1976,SCV-156,CA,Discogs|https://www.discogs.com/release/7104025,1,"12"""
Estonian Baptist Church Of Toronto, ESTO '76 : rahutervitus 11,Voice Of Freedom,1976,ST-57805,CA,Ester|https://www.ester.ee/record=b5699848*est,1,"12"""
Sven Grünberg,Hingus,Мелодия,1981,С90-16301-2,EE,Discogs|https://www.discogs.com/release/242408,1,"12"""
Jüri-Peeters,Laulusild 2,Estonian Voice,1979,EMP SLP 1012,SE,Discogs|https://www.discogs.com/release/6084831,1,"12"""
Rein Lindeberg-Lindvet,Vikerkaar,Blischen Records,1986,RLL01,SE,Discogs|https://www.discogs.com/release/9733191,2,"12"""
Liisa  & Tõnu,Igaühele,Not On Label,1983,LTS83,US,Discogs|https://www.discogs.com/release/7055616,1,"12"""
Toronto Vanemgaidide Koor,Edasi Lauluga!,Not On Label,1976,EL74,CA,Discogs|https://www.discogs.com/release/3373873,1,"12"""
Anu,Laulud Elatunud Lastele,Anu Records,1972,TRS-1311,US,Discogs|https://www.discogs.com/release/10841866,1,"12"""
Jüri Lipp,Laul Sinule . . .,Not On Label,1968,CB 331,CA,Discogs|https://www.discogs.com/release/7056420,1,"12"""
Erinevad Esitajad,"Püha Öö / Eesti, Mu Isamaa",Estonian Voice,1979,EMP SLP 1011,SE,Discogs|https://www.discogs.com/release/6088280,1,"12"""
Jolle Fardo,Kuuldumus Liblikaväljade Puhkemisest,Terra Records,1980,ESLP 001-003-D1,SE,Discogs|https://www.discogs.com/release/4770183,1,"2x12"""
"Jolle Fardo, Jüri Üdi",Katarsis Tardumuskrampides (Jolle Fardo Helipõimik Jüri Üdi Luulest),Terra Records,1978,ESLP 003 / ESLP 003-K5-K6,SE,Discogs|https://www.discogs.com/release/6006731,1,"12"""
Lemmikud,Suhkur Suhkur,Estonian Voice,1977,EMP SLP 1008,SE,Discogs|https://www.discogs.com/release/6008150,1,"12"""
Maryn E. Coote,Welcome To My World,Peoples Potential Unlimited,2018,PPU-094,US,Discogs|https://www.discogs.com/release/12977270,1,"12"""
Marten Kuningas,Janu,Morss,2012,MORSSLP1,EE,Discogs|https://www.discogs.com/release/4655816,1,"12"""
Köök,Telegramm,Mäo Records,2016,Mäo-001,EE,Discogs|https://www.discogs.com/release/8640618,1,"12"""
Tartu Popi Ja Roki Instituut,Sfääride Muusika,Minty Fresh,2017,mf-401,US,Discogs|https://www.discogs.com/release/9948632,1,"12"""
"Igor Garšnek, Ansambel ""Data""","Rockoratoorium ""Loomade Farm""",Мелодия,1990,C60 30247 000,EE,Discogs|https://www.discogs.com/release/3158881,1,"12"""
Jim Arrow & The Anachrones,Jim Arrow & The Anachrones,RiTonis,1991,С60 31339 008,EE,Discogs|https://www.discogs.com/release/543234,1,"12"""
Jimmy Winkles,Do The Dilettante,Porridge Bullet / Pudru Kuul,2017,PB018,EE,Discogs|https://www.discogs.com/release/10879723,1,"12"""
Erinevad Esitajad,Bullets No2,Porridge Bullet / Pudru Kuul,2016,PB012,EE,Discogs|https://www.discogs.com/release/8571735,1,"12"""
Hypnosaurus,1991-1992,Porridge Bullet / Pudru Kuul,2015,PB011,EE,Discogs|https://www.discogs.com/release/7224055,1,"12"""
Liis Ring,Satori,Liis Ring,2016,I,UK,Discogs|https://www.discogs.com/release/9230133,1,"12"""
Väntorel,Väntorel,Frotee,2014,FRO003,EE,Discogs|https://www.discogs.com/release/5696494,1,"12"""
Far Out Radio Systems,On Boolean Plains,"Something Happening, Somewhere",2020,SoHaSo 028,NL,Discogs|https://www.discogs.com/release/16141220,2,"2x12"""
Bogdan Irkük a.k.a. Bulgari,Everything Is Changing,Soul Jazz Records,2008,SJR 174-12,UK,Discogs|https://www.discogs.com/release/1259062,1,"12"""
Mark Du Mosch,The Heavens EP,"Something Happening, Somewhere",2019,SoHaSo 022,NL,Discogs|https://www.discogs.com/release/29399287,1,"12"""
MPU101,MPU102,Ilian Tape,2022,ITX026,DE,Discogs|https://www.discogs.com/release/24781820,1,"12"""
Djrum vs. Struction,Struktur,Ilian Tape,2016,ITX07,DE,Discogs|https://www.discogs.com/release/8269705,1,"12"""
Erinevad Esitajad,2023,Giegling,2023,glg2023,DE,Discogs|https://www.discogs.com/release/28215148,1,"12"""
Far Out Radio Systems,Mariana No Death,"Something Happening, Somewhere",2024,SOHASO 044,NL,Discogs|https://www.discogs.com/release/30249944,1,"2x12"""
Low Tape / Dmitry Distant,Travelogue,Heretic Electro,2020,HE-02,LV,Discogs|https://www.discogs.com/release/16032877,1,"12"""
Erinevad Esitajad,Test Pressing IV,Muscut,2023,Muscut 30,UA,Discogs|https://www.discogs.com/release/28110370,1,"12"""
Jigen,Stone Drum Avantgardism,^ ^,2022,^ ^ 01,US,Discogs|https://www.discogs.com/release/23805749,1,"12"""
Seba & Paradox,Volt,Ilian Tape,2023,IT058,DE,Discogs|https://www.discogs.com/release/28403827,1,"12"""
W.T.Drones,W.T.Drones EP,onesense,2014,OSM008EP,EE,Discogs|https://www.discogs.com/release/5322192,1,"12"""
S.I.N,Steppin Headz,XS Dubz,2009,XSDUBZ004,UK,Discogs|https://www.discogs.com/release/2494388,1,"12"""
"Uus Energia, J.O.C.",Tõde ja Õiglus/Taara,I-FI RECORDS,2019,IR001,EE,Discogs|https://www.discogs.com/release/13186892,1,"12"""
Pliiant vs Pub,Jackson Gearbox EP,Ampoule,2004,amp008,UK,Discogs|https://www.discogs.com/release/328579,1,"12"""
Ata Kak,Obaa Sima,Awesome Tapes From Africa,2015,ATFA014,US,Discogs|https://www.discogs.com/release/6703564,1,"12"""
Kedr Livanskiy,Ariadna,2MR,2017,2MR-029,US,Discogs|https://www.discogs.com/release/10806452,1,"12"""
Kedr Livanskiy,Your Need,2MR,2019,2MR-043,US,Discogs|https://www.discogs.com/release/13650457,1,"12"""
"Hotel International, Samuel Berdah",From Manilla With Love,Days Of Being Wild,2015,WILD039,UK,Discogs|https://www.discogs.com/release/7592241,1,"12"""
Efterklang With Copenhagen Phil,The Piramida Concert,4AD / Rumraket,2013,CAD3316,UK,Discogs|https://www.discogs.com/release/4647105,1,"2x12"""
Efterklang With Copenhagen Phil,The Piramida Concert,4AD / Rumraket,2013,CAD3316,UK,Discogs|https://www.discogs.com/release/4647105,1,CD
Lindstrøm & Solale,Let's Practise,Feedelity,2007,feed 009,NO,Discogs|https://www.discogs.com/release/959837,1,"12"""
Kiani & His Legion,The Paper Unicorn EP,"Something Happening, Somewhere",2016,SOHASO 008,DE,Discogs|https://www.discogs.com/release/8514804,1,"12"""
Kiani & His Legion,Lima Oscar Victor Echo,"Something Happening, Somewhere",2017,SOHASO 012,DE,Discogs|https://www.discogs.com/release/10252959,1,"12"""
British Sea Power,Machineries of Joy,Rough Trade,2013,RTRADLP666,UK,Discogs|https://www.discogs.com/release/4440604,1,"12"""
Alessandro Cortini,Scuro Chiaro,Mute,2021,STUMM463,EU,Discogs|https://www.discogs.com/release/19098877,1,"12"""
Henrik Schwarz / Âme / Dixon,The Grandfather Paradox,BBE,2009,BBE 120 C LP,UK,Discogs|https://www.discogs.com/release/1678297,1,"2x12"""
Pixies,Trompe Le Monde,Zona Records,1992,ZN 019,LT,Discogs|https://www.discogs.com/release/1142413,1,"12"""
The Future Sound Of London / Smart Systems / Indo Tribe,Pulse Two,Jumpin' & Pumpin',1991,12TOT 14,UK,Discogs|https://www.discogs.com/release/58285,1,"12"""
Radiohead,Bloom (Jamie XX Rework) / Separator (Anstam RMX) / Lotus Flower (SBTRKT RMX),Ticker Tape Ltd.,2011,TICK009,UK,Discogs|https://www.discogs.com/release/3123137,1,"12"""
Recondite,Hinterland,Ghostly International,2013,GI-190LP,US,Discogs|https://www.discogs.com/release/5090676,1,"2x12"""
Camera Obscura,4AD Session EP,4AD,2014,BAD 3417,UK,Discogs|https://www.discogs.com/release/5608574,1,"12"""
Erinevad Esitajad,Construction In The Wilderness EP,Jens Records,2012,JENS001,SE,Discogs|https://www.discogs.com/release/3583186,1,"12"""
Krust,The Snapshot Remixes,Full Cycle Records,2002,FCY034,UK,Discogs|https://www.discogs.com/release/18985,1,"12"""
DJ SS,Symphonic / Lost In New York,New Identity Recordings,1997,NIR 006,UK,Discogs|https://www.discogs.com/release/993,1,"12"""
Baby D,Day Dreaming,Not On Label,2002,BAD001,UK,Discogs|https://www.discogs.com/release/1040186,1,"12"""
Process / DAT Politics,Split Series #9,FatCat Records,1999,12FAT034,UK,Discogs|https://www.discogs.com/release/13042,1,"12"""
Jammin / DJ Zinc,Kinda Funky / Drifting,Bingo Beats,2001,BINGO 002,UK,Discogs|https://www.discogs.com/release/12611,1,"12"""
Rafael Anton Irisarri,Reverie,Immune,2010,Immune 010,US,Discogs|https://www.discogs.com/release/2218962,1,"12"""
Mountain Range,From You Have I Been Absent In The Spring ,Aniara Recordings,2013,ANIARA08,SE,Discogs|https://www.discogs.com/release/4792847,1,"12"""
Jamie XX,Girl / Sleep Sound,Young Turks,2014,YT108,UK,Discogs|https://www.discogs.com/release/5543867,1,"12"""
The XX,Jamie xx Edits,Young Turks,2013,YT090T,UK,Discogs|https://www.discogs.com/release/4498366,1,"12"""
Myrakaru,Klutic Reso / Kimalnu,Expanding Records,2004,evs4:04,UK,Discogs|https://www.discogs.com/release/305224,1,"7"""
Ats,Slack,MIDA,2022,MIDA06,EE,Discogs|https://www.discogs.com/release/25064026,1,"7"""
Galaktlan,Teletorni Romantika,Seksound,2013,SEKS043LP,EE,Discogs|https://www.discogs.com/release/4997168,1,"7"""
Eurythmics,Sweet Dreams remixes,Not On Label,????,NONE,XX,NONE,1,"12"""
Wagon Christ,Ataride / Tomorrow Acid,Ninja Tune,2001,ZEN 12101,UK,Discogs|https://www.discogs.com/release/31120,1,"12"""
Stephanie,Live Your Life,Alpha Records,1986,ONELP-016,SE,Discogs|https://www.discogs.com/release/1102301,1,"12"""
The Twins,Hold On To Your Dreams,CBS,1987,451080 1,EU,Discogs|https://www.discogs.com/release/1705213,1,"12"""
Bronski Beat,Truthdare Doubledare,London Records,1986,828 010-1,NL,Discogs|https://www.discogs.com/release/713599,1,"12"""
Orkiestra Jack'a White'a,Party Hits,Polskie Nagrania Muza,1972,SXL 0660,PL,Discogs|https://www.discogs.com/release/6128108,1,"12"""
Ultravox,Systems Of Romance,Island Records,1978, ILPS 9555,SE,Discogs|https://www.discogs.com/release/1646742,1,"12"""
Soft Cell,Non Stop Ecstatic Dancing,Vertigo,1982,6359 110,XX,Discogs|https://www.discogs.com/release/209105,1,"12"""
The Geoff Love Banjos,Sing-Along Banjo Party,Starline,1973,SRS 5165,UK,Discogs|https://www.discogs.com/release/3448194,1,"12"""
Erinevad Esitajad,COLOMBIA 86,Organización Ardila Lülle,1986,01 (9935) 00503,CO,Discogs|https://www.discogs.com/release/13397187,1,"12"""
Ultravox,Vienna,Chrysalis,1980,CHR 1296,CA,Discogs|https://www.discogs.com/release/1583703,1,"12"""
Olivia Newton-John,First Impressions,Music For Pleasure,1985,MFP 41 5740 1,UK,Discogs|https://www.discogs.com/release/1274852,1,"12"""
Thomas Dolby,Aliens Ate My Buick,EMI-Manhattan Records,1988,1C 064-7 48075 1,EU,Discogs|https://www.discogs.com/release/2224922,1,"12"""
Giorgio Moroder & Joe Esposito,Solitary Men,TMC - The Music Company,1983,TMC 8012,XX,Discogs|https://www.discogs.com/release/3315948,1,"12"""
Jonna,Jonna,K-Tel,1984,JT-7048,FI,Discogs|https://www.discogs.com/release/703359,1,"12"""
Dalibor Janda,Take Them To Mars,Supraphon,1988,1113 4259,CZ,Discogs|https://www.discogs.com/release/10632980,1,"12"""
Roxy Music,Manifesto,Polydor,1979,POLH 001,UK,Discogs|https://www.discogs.com/release/4472997,1,"12"""
Mona Carita,Mikä Fiilis!,Finnlevy,1983,FL 5113,FI,Discogs|https://www.discogs.com/release/1382341,1,"12"""
Gnags,En Underlig Fisk,Genlyd,1985,GENLP 148,DK,Discogs|https://www.discogs.com/release/1026871,1,"12"""
Troels Trier,Kys Frøen,Sonet,1977,SLP 1552,DK,Discogs|https://www.discogs.com/release/1077830,1,"12"""
PT Musik,Consumação,Príncipe,2026,P062,PT,Discogs|https://www.discogs.com/release/37690488,1,"12"""
Helviofox,Rodeado De Batida,Príncipe,2025,P065,PT,Discogs|https://www.discogs.com/release/35799412,1,"12"""
DJs Di Guetto,DJs Di Guetto Vol. II,Príncipe,2026,P063,PT,Discogs|https://www.discogs.com/release/37312998,1,"12"""
DJ Narciso,Capítulo Experimental,Príncipe,2026,P060,PT,Discogs|https://www.discogs.com/release/34751481,1,"12"""
Erinevad Esitajad,Vacaciones En Mallorca,Emidisc,1973,1 J 048-51.469,ES,Discogs|https://www.discogs.com/release/7940043,1,"12"""
Radar,Балтийский Берег = Baltic Coast,Мелодия,1987,С60 25125 006,EE,Discogs|https://www.discogs.com/release/10865383,1,"12"""
Laine,"Ansambel ""Laine""",Мелодия,1983,C60-18905-6,EE,Discogs|https://www.discogs.com/release/11379049,1,"12"""
Fix,Värviline Maailm,Мелодия,1979,33 С60-11543-4,EE,Discogs|https://www.discogs.com/release/10047791,1,"12"""
Thomas Dolby,The Flat Earth,Parlophone Odeon Series,1984,PCS 2400341,UK,Discogs|https://www.discogs.com/release/31616,1,"12"""
UNKLE,Psyence Fiction,Mo Wax,1998,MW085CDX,UK,Discogs|https://www.discogs.com/release/38782,1,CD
Erinevad Esitajad,Day Tripper,A&M Records,1997,540 677-2,EU,Discogs|https://www.discogs.com/release/1061876,1,CD
Radiohead,There There,Parlophone,2003,7243 5 52336 2 2,EU,Discogs|https://www.discogs.com/release/144322,1,CDS
Everything But The Girl,Walking Wounded,Virgin,1996,7243 8 93487 2 9,EU,Discogs|https://www.discogs.com/release/5404362,1,CDS
Junior Senior,Boy Meets Girl,Crunchy Frog,2003,FROG 032-2,DK,Discogs|https://www.discogs.com/release/,1,CD
Kent,Kent,RCA / BMG,1995,74321 26507 2,SE,Discogs|https://www.discogs.com/release/4134087,1,CD
Femi Kuti,Shoki Remixed,Sound Of Barclay,1999,543 190 2,EU,Discogs|https://www.discogs.com/release/18213457,1,2xCD
Ryoji Ikeda,"""+/-""",Touch,1996,TO:30,UK,Discogs|https://www.discogs.com/release/51547,1,CD
Kent,B-Sidor,RCA / BMG,2000,74321 821582,SE,Discogs|https://www.discogs.com/release/373796,1,CD
Kent,Verkligen,RCA / BMG,1996,74321 35625 2,SE,Discogs|https://www.discogs.com/release/356803,1,CD
Kent,Tillbaka Till Samtiden,RCA / BMG,2007,88697 16030 2,SE,Discogs|https://www.discogs.com/release/1111659,1,CD
Eskobar,There's Only Now,V2,2001,74321965852,EU,Discogs|https://www.discogs.com/release/1952128,1,CD
Erinevad Esitajad,Biocyclic-Events (Ambient Voy Age Rs),J.U.IC.E.,1994,D-6006-2,DE,Discogs|https://www.discogs.com/release/430648,1,CD
Embrace ,Drawn From Memory,Hut Recordings,2000,CDHUT60,EU,Discogs|https://www.discogs.com/release/6598912,1,CD
Télépopmusik,Genetic World,Chrysalis,2001,537 6152,EU,Discogs|https://www.discogs.com/release/167998,1,CD
LB,Pop Artificielle,KK Records,1998,KK 141,BE,Discogs|https://www.discogs.com/release/304774,1,CD
Cassius,French Disco '03,Muzik Magazine,2003,MUZIKMAG99 / AUG03,UK,Discogs|https://www.discogs.com/release/160871,1,CD
The Verve,A Northern Soul,Hut Recordings,1995,CDHUT 27,NL,Discogs|https://www.discogs.com/release/3306410,1,CD
GusGus vs. T-World,GusGus vs. T-World,Playground / 4AD,2000,CAD2KO2CD,EU,Discogs|https://www.discogs.com/release/1937623,1,CD
Erinevad Esitajad,Electric Ladyland Clickhop Version 1.0,Mille Plateaux,2002,mp 106,DE,Discogs|https://www.discogs.com/release/42054,1,2xCD
Radiohead,My Iron Lung,Parlophone,1994,7243 8 31478 2 3,IT,Discogs|https://www.discogs.com/release/8960944,1,CD
Radiohead,Hail To The Thief,Parlophone,2003,7243 5 84544 2 0,EU,Discogs|https://www.discogs.com/release/162311,1,CD
Erinevad Esitajad,Compact Disc Volume Three,Ladomat 2000,1998,LADOMAT 2066-2,DE,Discogs|https://www.discogs.com/release/220640,1,CD
His Name Is Alive,Mouth By Mouth,Rough Trade,1993,RTD 120.1544.2,DE,Discogs|https://www.discogs.com/release/383778,1,CD
Erinevad Esitajad,D'N'B Inside,Future Sound Records,????,-,RU,NONE,1,CD
Kosheen,Drum 'n' Bass Reborn,Mixmag,2002,MM 029,UK,Discogs|https://www.discogs.com/release/31297,1,CD
Directional Force,The John Peel Session,Strange Fruit ,1995,SFPSCD092,UK,Discogs|https://www.discogs.com/release/5840473,1,CD
Erinevad Esitajad,Norway - Electronica 2. Edition,Music Export Norway,2006,MENCD 016,NO,Discogs|https://www.discogs.com/release/1294315,1,CD
Junior Vasquez AKA Ellis D,Just Like A Queen: The Best Of Junior Vasquez (aka) Ellis D.,Hot Productions,1995,HTCD 9719-2,US,Discogs|https://www.discogs.com/release/149128,1,CD
Slowdive,Slowdive,Creation Records,1990,CRESCD 093,UK,Discogs|https://www.discogs.com/release/3009776,1,CD
Ben Lee,Cigarettes Will Kill You,Grand Royal,1999,GRI5000CD,UK,Discogs|https://www.discogs.com/release/2459111,1,CDS
The Crash,Star,Warner Music Finland,2001,0927-42111-2,FI,Discogs|https://www.discogs.com/release/3756004,1,CDS
MC 900 Ft Jesus,If I Only Had A Brain,American Recordings,1994,74321 29069 2,EU,Discogs|https://www.discogs.com/release/1396455,1,CDS
AIR,Sexy Boy,Source,1998,"7243 8 94802 2 1,",EU,Discogs|https://www.discogs.com/release/1055150,1,CDS
Fluke,Atom Bomb,Virgin,1996,YRCDX125,UK,Discogs|https://www.discogs.com/release/62167,1,CDS
Zero 7,Destiny,Ultimate Dilemma,2001,UDRCDS043,EU,Discogs|https://www.discogs.com/release/473489,1,CDS
Blur,Beetlebum,Food,1997,7243 8 83576 2 3,EU,Discogs|https://www.discogs.com/release/622281,1,CDS
The Cribs,Moving Pictures,Wichita,2007,WEBB128SCD,UK,Discogs|https://www.discogs.com/release/1249396,1,CDS
